unit,name
Prise(n),Salz
Messerspitze,Salz
etwas,Salz
noUnit,Salz
EL,Salz
g,Salz
TL,Salz
Prise(n),Pfeffer
Messerspitze,Pfeffer
Msp.,Pfeffer
etwas,Pfeffer
noUnit,Pfeffer
g,Pfeffer
EL,Pfeffer
TL,Pfeffer
Tasse(n),Zucker
Prise(n),Zucker
g,Zucker
TL,Zucker
EL,Zucker
etwas,Zucker
noUnit,Zucker
kg,Zucker
g,Olivenöl
noUnit,Olivenöl
Schuss,Olivenöl
ml,Olivenöl
etwas,Olivenöl
Spritzer,Olivenöl
TL,Olivenöl
EL,Olivenöl
EL,Butter
noUnit,Butter
etwas,Butter
TL,Butter
g,Butter
EL,Mehl
noUnit,Mehl
ml,Mehl
etwas,Mehl
kg,Mehl
Tasse(n),Mehl
TL,Mehl
g,Mehl
noUnit,Eier
l,Milch
EL,Milch
TL,Milch
g,Milch
Tasse(n),Milch
ml,Milch
etwas,Milch
noUnit,Milch
l,Öl
ml,Öl
etwas,Öl
noUnit,Öl
EL,Öl
g,Öl
TL,Öl
kleine,Zwiebel
g,Zwiebel
noUnit,Zwiebel
große,Zwiebel
l,Gemüsebrühe
ml,Gemüsebrühe
etwas,Gemüsebrühe
noUnit,Gemüsebrühe
g,Gemüsebrühe
EL,Gemüsebrühe
TL,Gemüsebrühe
Zweig(e),Knoblauch
noUnit,Knoblauch
etwas,Knoblauch
Zehe(n),Knoblauch
Stange(n),Petersilie
EL,Petersilie
noUnit,Petersilie
Zweig(e),Petersilie
Bund,Petersilie
etwas,Petersilie
Stiel(e),Petersilie
g,Petersilie
TL,Petersilie
kleine,Knoblauchzehe
noUnit,Knoblauchzehe
ml,Rapsöl
TL,Rapsöl
EL,Rapsöl
g,Rapsöl
Schuss,Rapsöl
noUnit,Rapsöl
l,Rapsöl
Packung(en),Backpulver
TL,Backpulver
g,Backpulver
EL,Backpulver
Messerspitze,Backpulver
Päckchen,Backpulver
noUnit,Backpulver
l,Sahne
ml,Sahne
g,Sahne
EL,Sahne
Becher,Sahne
große,Zwiebeln
kleine,Zwiebeln
noUnit,Zwiebeln
g,Zwiebeln
noUnit,Knoblauchzehen
TL,Zitronensaft
Spritzer,Zitronensaft
einige,Zitronensaft
EL,Zitronensaft
noUnit,Zitronensaft
ml,Zitronensaft
cl,Zitronensaft
etwas,Zitronensaft
TL,Honig
EL,Honig
g,Honig
noUnit,Honig
ml,Honig
g,Möhren
kg,Möhren
Bund,Möhren
noUnit,Möhren
Stiel(e),Thymian
Messerspitze,Thymian
TL,Thymian
g,Thymian
noUnit,Thymian
Zweig(e),Thymian
Bund,Thymian
Topf,Thymian
g,Puderzucker
EL,Puderzucker
noUnit,Puderzucker
TL,Puderzucker
Packung(en),Puderzucker
etwas,Puderzucker
Packung(en),Vanillezucker
g,Vanillezucker
EL,Vanillezucker
TL,Vanillezucker
Päckchen,Vanillezucker
noUnit,Zimt
EL,Zimt
TL,Zimt
Prise(n),Zimt
Messerspitze,Zimt
Msp.,Zimt
Stange(n),Zimt
etwas,Zimt
Tasse(n),Wasser
TL,Wasser
EL,Wasser
g,Wasser
noUnit,Wasser
l,Wasser
ml,Wasser
etwas,Wasser
noUnit,Zitrone
halbe,Zitrone
kleine,Zitrone
Stück,Zitrone
Spritzer,Zitrone
Handvoll,Schnittlauch
Stiel(e),Schnittlauch
g,Schnittlauch
EL,Schnittlauch
etwas,Schnittlauch
Bund,Schnittlauch
noUnit,Schnittlauch
Halm(e),Schnittlauch
Zweig(e),Schnittlauch
noUnit,Ei
Stück,Ei
Bund,Rosmarin
TL,Rosmarin
g,Rosmarin
Stiel(e),Rosmarin
noUnit,Rosmarin
Zweig(e),Rosmarin
Stange(n),Rosmarin
große,Kartoffeln
kg,Kartoffeln
noUnit,Kartoffeln
g,Kartoffeln
Zweig(e),Basilikum
g,Basilikum
Bund,Basilikum
Blätter,Basilikum
Handvoll,Basilikum
Stiel(e),Basilikum
Päckchen,Basilikum
Topf,Basilikum
Stange(n),Basilikum
etwas,Basilikum
noUnit,Basilikum
etwas,Koriander
Stange(n),Koriander
g,Koriander
TL,Koriander
Stiel(e),Koriander
Handvoll,Koriander
Topf,Koriander
Bund,Koriander
Zweig(e),Koriander
noUnit,Koriander
TL,Speisestärke
etwas,Speisestärke
g,Speisestärke
EL,Speisestärke
EL,brauner Zucker
TL,brauner Zucker
g,brauner Zucker
ml,brauner Zucker
noUnit,brauner Zucker
noUnit,rote Zwiebel
große,rote Zwiebel
kleine,rote Zwiebel
TL,Tomatenmark
EL,Tomatenmark
g,Tomatenmark
kg,Zucchini
kleine,Zucchini
g,Zucchini
noUnit,Zucchini
große,Zucchini
Dose(n),Tomaten
g,Tomaten
kg,Tomaten
große,Tomaten
noUnit,Tomaten
Prise(n),Meersalz
Messerspitze,Meersalz
EL,Meersalz
g,Meersalz
TL,Meersalz
etwas,Meersalz
noUnit,Meersalz
g,Schalotten
noUnit,Schalotten
kleine,Schalotten
ml,Sonnenblumenöl
EL,Sonnenblumenöl
g,Sonnenblumenöl
TL,Sonnenblumenöl
noUnit,Muskat
etwas,Muskat
Msp.,Muskat
Prise(n),Muskat
Messerspitze,Muskat
TL,Muskat
kg,rote Paprika
Schote(n),rote Paprika
noUnit,rote Paprika
g,rote Paprika
halbe,Vanilleschote
g,Vanilleschote
noUnit,Vanilleschote
Schote(n),Vanilleschote
Stück,Vanilleschote
noUnit,Senf
EL,Senf
TL,Senf
Stück,Kirschtomaten
kg,Kirschtomaten
noUnit,Kirschtomaten
g,Kirschtomaten
Handvoll,Kirschtomaten
noUnit,Parmesan
g,Parmesan
EL,Parmesan
Bund,Minze
Zweig(e),Minze
Blätter,Minze
Stange(n),Minze
noUnit,Minze
etwas,Minze
Stiel(e),Minze
g,Minze
Bund,Frühlingszwiebeln
g,Frühlingszwiebeln
Zweig(e),Frühlingszwiebeln
große,Frühlingszwiebeln
Stück,Frühlingszwiebeln
Stange(n),Frühlingszwiebeln
noUnit,Frühlingszwiebeln
TL,Schlagsahne
ml,Schlagsahne
noUnit,Schlagsahne
g,Schlagsahne
EL,Schlagsahne
Scheibe(n),Limette
halbe,Limette
noUnit,Limette
Stange(n),Dill
EL,Dill
Stiel(e),Dill
g,Dill
Handvoll,Dill
noUnit,Dill
Bund,Dill
Zweig(e),Dill
noUnit,Bio-Zitrone
halbe,Bio-Zitrone
cm,Ingwer
Scheibe(n),Ingwer
Prise(n),Ingwer
g,Ingwer
Messerspitze,Ingwer
Knolle(n),Ingwer
Stück,Ingwer
g,glatte Petersilie
Bund,glatte Petersilie
Zweig(e),glatte Petersilie
Packung(en),glatte Petersilie
noUnit,glatte Petersilie
Stiel(e),glatte Petersilie
Handvoll,glatte Petersilie
TL,glatte Petersilie
EL,Weißwein
ml,Weißwein
etwas,Weißwein
noUnit,Weißwein
Packung(en),Feta
g,Feta
g,Schmand
EL,Schmand
Becher,Schmand
TL,Schmand
noUnit,Schmand
ml,Schmand
Handvoll,Rucola
g,Rucola
noUnit,Rucola
Bund,Rucola
noUnit,Walnüsse
Handvoll,Walnüsse
g,Walnüsse
EL,Walnüsse
einige,Walnüsse
noUnit,Kreuzkümmel
Msp.,Kreuzkümmel
Prise(n),Kreuzkümmel
Messerspitze,Kreuzkümmel
EL,Kreuzkümmel
TL,Kreuzkümmel
g,rote Zwiebeln
noUnit,rote Zwiebeln
kleine,rote Zwiebeln
große,rote Zwiebeln
g,Frischkäse
TL,Frischkäse
EL,Frischkäse
noUnit,Frischkäse
kleine,Schalotte
noUnit,Schalotte
Prise(n),Chiliflocken
EL,Chiliflocken
einige,Chiliflocken
Messerspitze,Chiliflocken
TL,Chiliflocken
noUnit,Chiliflocken
Msp.,Chiliflocken
g,Champignons
noUnit,Champignons
Glas,Champignons
EL,Butterschmalz
g,Butterschmalz
TL,Butterschmalz
noUnit,Butterschmalz
EL,Sojasoße
Spritzer,Sojasoße
TL,Sojasoße
ml,Sojasoße
noUnit,Sojasoße
Bund,Lauchzwiebeln
noUnit,Lauchzwiebeln
noUnit,Lorbeerblätter
Topf,Oregano
noUnit,Oregano
Zweig(e),Oregano
Bund,Oregano
TL,Oregano
EL,Oregano
Stiel(e),Oregano
Prise(n),Oregano
TL,Paprikapulver
EL,Paprikapulver
Prise(n),Paprikapulver
noUnit,Paprikapulver
EL,Kokosmilch
g,Kokosmilch
Dose(n),Kokosmilch
ml,Kokosmilch
noUnit,Eier (Größe M)
EL,Weißweinessig
TL,Weißweinessig
ml,Weißweinessig
Prise(n),Currypulver
EL,Currypulver
TL,Currypulver
noUnit,Currypulver
TL,Crème fraîche
Becher,Crème fraîche
g,Crème fraîche
EL,Crème fraîche
noUnit,Crème fraîche
g,Lauch
noUnit,Lauch
Stange(n),Lauch
EL,Paniermehl
noUnit,Paniermehl
TL,Paniermehl
g,Paniermehl
g,Pinienkerne
EL,Pinienkerne
TL,weiche Butter
g,weiche Butter
EL,weiche Butter
ml,Ahornsirup
TL,Ahornsirup
EL,Ahornsirup
g,Ahornsirup
noUnit,Ahornsirup
Kopf,Brokkoli
g,Brokkoli
noUnit,Brokkoli
Köpfe,Brokkoli
einige,Eiswürfel
Handvoll,Eiswürfel
noUnit,Eiswürfel
noUnit,Lorbeerblatt
noUnit,Himbeeren
g,Himbeeren
Handvoll,Himbeeren
g,Salatgurke
halbe,Salatgurke
kleine,Salatgurke
noUnit,Salatgurke
ml,Joghurt
noUnit,Joghurt
g,Joghurt
EL,Joghurt
noUnit,Äpfel
g,Äpfel
große,Äpfel
kg,Äpfel
EL,Apfelessig
TL,Apfelessig
ml,Apfelessig
noUnit,Apfelessig
noUnit,Eigelb
g,Magerquark
kg,Magerquark
noUnit,Magerquark
EL,Sesam
noUnit,Sesam
g,Sesam
TL,Sesam
noUnit,Avocado
g,Avocado
noUnit,Rotwein
ml,Rotwein
l,Rotwein
Schuss,Rotwein
EL,Orangensaft
ml,Orangensaft
cl,Orangensaft
noUnit,Orangensaft
g,Erdbeeren
noUnit,Erdbeeren
kg,Erdbeeren
Prise(n),Muskatnuss
noUnit,Muskatnuss
EL,Apfelsaft
Schuss,Apfelsaft
ml,Apfelsaft
cl,Apfelsaft
l,Apfelsaft
Handvoll,Feldsalat
g,Feldsalat
Packung(en),Feldsalat
g,Zartbitterschokolade
noUnit,gelbe Paprika
Schote(n),gelbe Paprika
kleiner,Apfel
noUnit,Apfel
großer,Apfel
TL,geriebener Parmesan
g,geriebener Parmesan
EL,geriebener Parmesan
Handvoll,geriebener Parmesan
g,Kichererbsen
ml,Kichererbsen
Dose(n),Kichererbsen
Glas,Kichererbsen
g,Quark
EL,Quark
Prise(n),geriebene Muskatnuss
TL,geriebene Muskatnuss
noUnit,geriebene Muskatnuss
Packung(en),Mozzarella
noUnit,Mozzarella
Kugel(n),Mozzarella
Päckchen,Mozzarella
g,Mozzarella
g,Kürbiskerne
EL,Kürbiskerne
g,Blattspinat
Handvoll,Blattspinat
g,gemahlene Mandeln
EL,gemahlene Mandeln
TL,Chilipulver
Prise(n),Chilipulver
Msp.,Chilipulver
noUnit,Chilipulver
Stück,Karotten
noUnit,Karotten
g,Karotten
etwas,Sternanis
noUnit,Sternanis
Stück,Sternanis
ml,Agavendicksaft
TL,Agavendicksaft
EL,Agavendicksaft
g,Agavendicksaft
noUnit,Agavendicksaft
kg,gemischtes Hackfleisch
g,gemischtes Hackfleisch
TL,Kokosöl
EL,Kokosöl
g,Kokosöl
noUnit,Kokosöl
g,Naturjoghurt
EL,Naturjoghurt
cm,Kurkuma
Prise(n),Kurkuma
g,Kurkuma
TL,Kurkuma
EL,Kurkuma
noUnit,Kurkuma
kleine,rote Chilischote
noUnit,rote Chilischote
TL,Limettensaft
etwas,Limettensaft
ml,Limettensaft
noUnit,Limettensaft
EL,Limettensaft
Spritzer,Limettensaft
EL,Pflanzenöl
TL,Pflanzenöl
ml,Pflanzenöl
l,Pflanzenöl
noUnit,Pflanzenöl
EL,Weizenmehl
TL,Weizenmehl
g,Weizenmehl
g,Semmelbrösel
EL,Semmelbrösel
noUnit,Semmelbrösel
TL,Semmelbrösel
TL,Wacholderbeeren
noUnit,Wacholderbeeren
EL,Wacholderbeeren
TL,Mayonnaise
EL,Mayonnaise
g,Mayonnaise
ml,Mayonnaise
g,festkochende Kartoffeln
noUnit,festkochende Kartoffeln
kg,festkochende Kartoffeln
große,festkochende Kartoffeln
noUnit,Pfeffer aus der Mühle
Würfel,Hefe
g,Hefe
Päckchen,Hefe
Msp.,Cayennepfeffer
Prise(n),Cayennepfeffer
Messerspitze,Cayennepfeffer
TL,Cayennepfeffer
noUnit,Cayennepfeffer
TL,Sesamöl
EL,Sesamöl
Zweig(e),Majoran
noUnit,Majoran
g,Majoran
TL,Majoran
Stiel(e),Majoran
Bund,Majoran
g,Haferflocken
EL,Haferflocken
noUnit,Möhre
g,Möhre
kleine,Möhre
große,Möhre
noUnit,getrocknete Tomaten
g,getrocknete Tomaten
l,trockener Weißwein
ml,trockener Weißwein
noUnit,Suppengrün
Bund,Suppengrün
g,Suppengrün
noUnit,REWE Bio Zitrone
g,weiße Schokolade
EL,neutrales Öl
TL,neutrales Öl
etwas,neutrales Öl
ml,neutrales Öl
noUnit,neutrales Öl
g,Süßkartoffeln
kg,Süßkartoffeln
große,Süßkartoffeln
noUnit,Süßkartoffeln
kleine,Aubergine
noUnit,Aubergine
große,Aubergine
Prise(n),Kümmel
EL,Kümmel
TL,Kümmel
noUnit,Kümmel
Bund,Radieschen
noUnit,Radieschen
g,Radieschen
Handvoll,Radieschen
noUnit,Zimtstange
EL,Essig
g,Essig
Spritzer,Essig
ml,Essig
etwas,Essig
noUnit,Essig
ml,REWE Bio Rapsöl nativ
EL,REWE Bio Rapsöl nativ
halbe,Chilischote
noUnit,Chilischote
g,Rosinen
EL,Rosinen
noUnit,Paprikapulver edelsüß
TL,Paprikapulver edelsüß
EL,Paprikapulver edelsüß
EL,Kakaopulver
g,Kakaopulver
TL,Kakaopulver
etwas,Kakaopulver
noUnit,Kakaopulver
Kopf,Rotkohl
Blätter,Rotkohl
g,Rotkohl
noUnit,Rotkohl
kleiner,Rotkohl
Glas,Rotkohl
kg,Rotkohl
noUnit,Bio Zitrone
g,REWE Bio Süßrahmbutter
EL,REWE Bio Süßrahmbutter
noUnit,REWE Bio Süßrahmbutter
g,Mascarpone
EL,Mascarpone
g,Reis
Tasse(n),Reis
g,Birnen
noUnit,Birnen
kleine,Birnen
g,Cocktailtomaten
noUnit,Cocktailtomaten
g,frische Hefe
Würfel,frische Hefe
Päckchen,frische Hefe
noUnit,Staudensellerie
Stange(n),Staudensellerie
g,Staudensellerie
noUnit,rote Paprikaschote
EL,Sojasauce
noUnit,Sojasauce
TL,Sojasauce
Tasse(n),Sojasauce
ml,Sojasauce
g,Walnusskerne
EL,Walnusskerne
halbe,Gurke
g,Gurke
kleine,Gurke
Stück,Gurke
noUnit,Gurke
l,Buttermilch
ml,Buttermilch
g,Buttermilch
g,Hähnchenbrustfilet
noUnit,Hähnchenbrustfilet
noUnit,Bananen
kleine,Bananen
g,Backkakao
EL,Backkakao
TL,Backkakao
g,saure Sahne
EL,saure Sahne
noUnit,saure Sahne
ml,saure Sahne
kleiner,Blumenkohl
Köpfe,Blumenkohl
g,Blumenkohl
Kopf,Blumenkohl
großer,Blumenkohl
noUnit,Blumenkohl
g,Trockenhefe
TL,Trockenhefe
Packung(en),Trockenhefe
EL,Trockenhefe
Päckchen,Trockenhefe
g,Hokkaido-Kürbis
noUnit,Hokkaido-Kürbis
kg,Hokkaido-Kürbis
kleiner,Hokkaido-Kürbis
g,Mais
Dose(n),Mais
g,Sonnenblumenkerne
TL,Sonnenblumenkerne
EL,Sonnenblumenkerne
ml,REWE Bio Olivenöl
EL,REWE Bio Olivenöl
noUnit,Orange
g,Orange
g,grüner Spargel
kg,grüner Spargel
Stange(n),grüner Spargel
Bund,grüner Spargel
EL,Mandelblättchen
g,Mandelblättchen
TL,Mandelblättchen
g,Speckwürfel
EL,Speckwürfel
g,Cashewkerne
EL,Cashewkerne
EL,REWE Bio Natives Olivenöl extra
noUnit,REWE Bio Natives Olivenöl extra
ml,REWE Bio Natives Olivenöl extra
TL,REWE Bio Natives Olivenöl extra
TL,Lebkuchengewürz
EL,Lebkuchengewürz
noUnit,Lebkuchengewürz
Packung(en),Lebkuchengewürz
Msp.,Lebkuchengewürz
EL,flüssiger Honig
g,flüssiger Honig
TL,flüssiger Honig
Packung(en),Sahnesteif
Päckchen,Sahnesteif
noUnit,Sahnesteif
g,gehackte Mandeln
EL,gehackte Mandeln
noUnit,gehackte Mandeln
noUnit,Avocados
noUnit,Bio-Orange
EL,zarte Haferflocken
g,zarte Haferflocken
TL,gehackte Pistazien
g,gehackte Pistazien
EL,gehackte Pistazien
Packung(en),gehackte Pistazien
noUnit,gehackte Pistazien
EL,Mandeln
noUnit,Mandeln
g,Mandeln
g,Quinoa
noUnit,Fett für die Form
Blatt,Lorbeer
Blätter,Lorbeer
noUnit,Lorbeer
g,Rohrzucker
EL,Rohrzucker
TL,Rohrzucker
noUnit,Banane
kleine,Banane
g,Banane
Stiel(e),Salbei
g,Salbei
Blatt,Salbei
Zweig(e),Salbei
Bund,Salbei
Blätter,Salbei
noUnit,Salbei
g,Räucherlachs
Scheibe(n),Räucherlachs
ml,passierte Tomaten
noUnit,passierte Tomaten
g,passierte Tomaten
noUnit,Blaubeeren
g,Blaubeeren
EL,Blaubeeren
Dose(n),stückige Tomaten
ml,stückige Tomaten
Packung(en),stückige Tomaten
g,stückige Tomaten
EL,REWE Feine Welt Gemüsefond
Gläser,REWE Feine Welt Gemüsefond
Glas,REWE Feine Welt Gemüsefond
ml,REWE Feine Welt Gemüsefond
l,REWE Feine Welt Gemüsefond
noUnit,REWE Feine Welt Gemüsefond
Packung(en),Vanillin-Zucker
Päckchen,Vanillin-Zucker
g,Ricotta
EL,Ricotta
Blätter,Gelatine
Blatt,Gelatine
Schuss,Mineralwasser
EL,Mineralwasser
noUnit,Mineralwasser
ml,Mineralwasser
l,Mineralwasser
cl,Mineralwasser
TL,Nelken
noUnit,Nelken
EL,Nelken
noUnit,Mango
große,Mango
g,Mango
noUnit,Ei (Größe M)
noUnit,reife Bananen
kleiner,Granatapfel
noUnit,Granatapfel
g,rote Linsen
EL,rote Linsen
Messerspitze,Paprika edelsüß
Prise(n),Paprika edelsüß
TL,Paprika edelsüß
noUnit,Paprika edelsüß
g,Kohlrabi
Knolle(n),Kohlrabi
Köpfe,Kohlrabi
noUnit,Kohlrabi
kg,Kohlrabi
große,Kohlrabi
g,schwarze Oliven
noUnit,schwarze Oliven
EL,schwarze Oliven
Messerspitze,Natron
TL,Natron
g,Natron
g,REWE Bio Schlagsahne
ml,REWE Bio Schlagsahne
ml,Rotweinessig
TL,Rotweinessig
EL,Rotweinessig
noUnit,Rotweinessig
g,Risotto-Reis
noUnit,REWE Feine Welt Rosa Kristallsalz
g,REWE Feine Welt Rosa Kristallsalz
Prise(n),REWE Feine Welt Rosa Kristallsalz
kg,Hähnchenbrust
g,Hähnchenbrust
noUnit,Hähnchenbrust
Stück,Hähnchenbrust
l,trockener Rotwein
ml,trockener Rotwein
Flasche(n),trockener Rotwein
noUnit,Chili
Schote(n),Chili
kleine,Chili
Prise(n),Chili
g,getrocknete Aprikosen
noUnit,getrocknete Aprikosen
g,Ziegenfrischkäse
Packung(en),Kresse
EL,Kresse
g,Kresse
Beet(e),Kresse
noUnit,Kresse
Bund,Kresse
etwas,Kresse
kg,Rosenkohl
g,Rosenkohl
g,griechischer Joghurt
EL,griechischer Joghurt
noUnit,Limetten
noUnit,Pastinaken
g,Pastinaken
TL,REWE Feine Welt Lesvos g.g.A. Olivenöl
EL,REWE Feine Welt Lesvos g.g.A. Olivenöl
TL,Kakao
EL,Kakao
g,Kakao
noUnit,Kakao
Prise(n),frisch gemahlener Pfeffer
TL,frisch gemahlener Pfeffer
noUnit,frisch gemahlener Pfeffer
g,Heidelbeeren
g,Ananas
kleine,Ananas
noUnit,Ananas
g,Hackfleisch
Messerspitze,Gewürznelken
TL,Gewürznelken
noUnit,Gewürznelken
Kopf,Weißkohl
g,Weißkohl
noUnit,Weißkohl
kleiner,Weißkohl
noUnit,REWE Bio Eier
TL,Kapern
g,Kapern
EL,Kapern
Glas,Kapern
kg,grobes Meersalz
Prise(n),grobes Meersalz
TL,grobes Meersalz
g,grobes Meersalz
EL,grobes Meersalz
noUnit,grobes Meersalz
g,Couscous
Tasse(n),Couscous
Kopf,Spitzkohl
g,Spitzkohl
kleiner,Spitzkohl
noUnit,Spitzkohl
noUnit,kleine Zwiebel
noUnit,Gewürzgurken
g,Gewürzgurken
g,mehligkochende Kartoffeln
kg,mehligkochende Kartoffeln
große,mehligkochende Kartoffeln
noUnit,mehligkochende Kartoffeln
Stange(n),Porree
g,Dinkelmehl
noUnit,kleine Kartoffeln
kg,kleine Kartoffeln
g,kleine Kartoffeln
TL,Pfefferkörner
EL,Pfefferkörner
noUnit,Pfefferkörner
noUnit,gelbe Paprikaschote
noUnit,Eiweiß
EL,Margarine
TL,Margarine
g,Margarine
g,Spaghetti
g,Zuckerschoten
g,gehackte Tomaten
Dose(n),gehackte Tomaten
ml,gehackte Tomaten
TL,getrocknete Cranberries
g,getrocknete Cranberries
EL,getrocknete Cranberries
EL,Erdnussbutter
g,Erdnussbutter
EL,Ketchup
TL,Ketchup
g,Ketchup
ml,Ketchup
noUnit,Ketchup
kleine,grüne Paprika
Schote(n),grüne Paprika
noUnit,grüne Paprika
noUnit,schwarze Pfefferkörner
EL,schwarze Pfefferkörner
TL,schwarze Pfefferkörner
Handvoll,schwarze Pfefferkörner
noUnit,REWE Bio Roh-Rohrzucker
EL,REWE Bio Roh-Rohrzucker
g,REWE Bio Roh-Rohrzucker
TL,REWE Bio Roh-Rohrzucker
g,Saure Sahne
EL,Saure Sahne
cl,Rum
ml,Rum
EL,Rum
TL,Rum
noUnit,Hähnchenbrustfilets
g,Hähnchenbrustfilets
g,REWE Beste Wahl Weizenmehl Type 405
EL,REWE Beste Wahl Weizenmehl Type 405
TL,REWE Beste Wahl Weizenmehl Type 405
noUnit,rote Chili
Schote(n),rote Chili
kleine,rote Chili
halbe,rote Chili
EL,ja! Sonnenblumenöl
noUnit,schwarzer Pfeffer
EL,schwarzer Pfeffer
TL,schwarzer Pfeffer
g,TK-Erbsen
EL,Curry
TL,Curry
noUnit,Curry
noUnit,Eier (Gr. M)
noUnit,Knollensellerie
g,Knollensellerie
ml,Vollmilch
l,Vollmilch
noUnit,Bio-Zitronen
noUnit,REWE Bio Pfeffer a. d. Mühle
noUnit,Chiasamen
EL,Chiasamen
g,Chiasamen
TL,Chiasamen
noUnit,Paprika
TL,Paprika
Schote(n),Paprika
Stange(n),Sellerie
g,Sellerie
Scheibe(n),Bacon
g,Bacon
Packung(en),Bacon
Stange(n),Vanille
noUnit,Vanille
Schote(n),Vanille
g,Speck
Scheibe(n),Speck
noUnit,kleine Zucchini
EL,mittelscharfer Senf
TL,mittelscharfer Senf
ml,Weißwein-Essig
EL,Weißwein-Essig
g,Wirsing
Kopf,Wirsing
noUnit,Wirsing
Scheibe(n),Toastbrot
g,Toastbrot
g,REWE Bio Schmand
g,Haselnüsse
EL,Haselnüsse
Handvoll,Haselnüsse
Stück,Fenchel
noUnit,Fenchel
g,Fenchel
Knolle(n),Fenchel
noUnit,Puderzucker zum Bestäuben
EL,Puderzucker zum Bestäuben
g,REWE Frei von Mehlmischung
EL,REWE Frei von Mehlmischung
noUnit,Zitronen
Stange(n),Rhabarber
g,Rhabarber
g,geriebener Käse
noUnit,geriebener Käse
EL,geriebener Gouda
g,geriebener Gouda
TL,geriebener Gouda
Zweig(e),Kerbel
Bund,Kerbel
Stange(n),Kerbel
Topf,Kerbel
Stiel(e),Kerbel
Handvoll,Kerbel
noUnit,Baguette
Scheibe(n),Baguette
ml,Kürbiskernöl
etwas,Kürbiskernöl
EL,Kürbiskernöl
g,Schweinefilet
TL,Garam Masala
EL,Garam Masala
g,Marzipan-Rohmasse
ml,Gemüsefond
g,Gemüsefond
l,Gemüsefond
TL,Walnussöl
EL,Walnussöl
noUnit,große Zwiebel
EL,Stärke
TL,Stärke
g,Stärke
Stiel(e),Zitronengras
Stange(n),Zitronengras
g,Pistazien
EL,Pistazien
TL,Pistazien
g,Rote Bete
Knolle(n),Rote Bete
noUnit,Rote Bete
TL,REWE Bio Vielblütenhonig
noUnit,REWE Bio Vielblütenhonig
EL,REWE Bio Vielblütenhonig
g,REWE Bio Vielblütenhonig
noUnit,Birne
g,Butter oder Margarine
EL,Butter oder Margarine
l,REWE Bio Gemüsebrühe (Instant)
ml,REWE Bio Gemüsebrühe (Instant)
g,Rohrohrzucker
TL,Rohrohrzucker
EL,Rohrohrzucker
noUnit,Gemüsezwiebel
TL,gehackte Haselnüsse
EL,gehackte Haselnüsse
g,gehackte Haselnüsse
g,grüne Bohnen
g,Basmatireis
Dose(n),Kidneybohnen
g,Kidneybohnen
noUnit,Vanilleschoten
g,Räuchertofu
noUnit,REWE Beste Wahl Tafelsalz
Tasse(n),Hühnerbrühe
ml,Hühnerbrühe
l,Hühnerbrühe
noUnit,Kopfsalat
Blätter,Kopfsalat
g,Kopfsalat
Blatt,Kopfsalat
großer,Kopfsalat
kleiner,Kopfsalat
g,Rinderhackfleisch
noUnit,Zwetschgen
kg,Zwetschgen
g,Zwetschgen
noUnit,Küchengarn
Stück,rote Äpfel
noUnit,rote Äpfel
noUnit,Zimtstangen
noUnit,Alufolie
TL,REWE Feine Welt Fleur de Sel
Prise(n),REWE Feine Welt Fleur de Sel
noUnit,REWE Feine Welt Fleur de Sel
Prise(n),Kräutersalz
TL,Kräutersalz
noUnit,Kräutersalz
noUnit,rote Chilischoten
g,braune Champignons
noUnit,braune Champignons
g,ja! Raffinade-Zucker
EL,ja! Raffinade-Zucker
Bund,frische Minze
noUnit,frische Minze
Stiel(e),frische Minze
g,frische Minze
g,ja! Mehl
EL,ja! Mehl
Scheibe(n),Frühstücksspeck
g,Frühstücksspeck
g,gekochter Schinken
Scheibe(n),gekochter Schinken
ml,Rinderfond
g,Rinderfond
g,Hähnchenfilet
Handvoll,frische Himbeeren
g,frische Himbeeren
noUnit,frische Himbeeren
Päckchen,frische Himbeeren
g,weiße Kuvertüre
Scheibe(n),Vollkornbrot
g,Vollkornmehl
EL,Vollkornmehl
g,Orangen
noUnit,Orangen
noUnit,Eisbergsalat
g,Eisbergsalat
Msp.,Kardamom
noUnit,Kardamom
TL,Kardamom
Messerspitze,Kardamom
g,Tahin
EL,Tahin
TL,Tahin
g,Kokosfett
etwas,Kokosfett
TL,REWE Bio Ahornsirup
EL,REWE Bio Ahornsirup
g,REWE Bio Ahornsirup
g,Parmesankäse
noUnit,Parmesankäse
l,Brühe
ml,Brühe
l,Öl zum Frittieren
noUnit,Öl zum Frittieren
g,Bergkäse
Scheibe(n),Bergkäse
Handvoll,Erdnüsse
g,Erdnüsse
EL,Erdnüsse
g,Kokoschips
EL,Kokoschips
Stück,Hokkaidokürbis
noUnit,Hokkaidokürbis
g,Hokkaidokürbis
EL,Balsamico
EL,REWE Bio Rapsöl
TL,grober Senf
EL,grober Senf
EL,ja! Senf mittelscharf
TL,ja! Senf mittelscharf
g,Marzipanrohmasse
noUnit,Frühlingszwiebel
Stück,Frühlingszwiebel
g,kalte Butter
EL,kalte Butter
EL,Amaretto
ml,Amaretto
noUnit,weißer Pfeffer
TL,rote Currypaste
EL,rote Currypaste
noUnit,reife Avocados
TL,neutrales Pflanzenöl
ml,neutrales Pflanzenöl
noUnit,neutrales Pflanzenöl
EL,neutrales Pflanzenöl
g,neutrales Pflanzenöl
Kugel(n),Vanilleeis
ml,Vanilleeis
EL,heller Balsamico
g,kernige Haferflocken
EL,kernige Haferflocken
noUnit,Backpapier
kg,Bio-Orangen
noUnit,Bio-Orangen
ml,Balsamicoessig
EL,Balsamicoessig
ml,Aceto Balsamico
EL,Aceto Balsamico
g,weißer Spargel
kg,weißer Spargel
g,Mandelstifte
EL,Mandelstifte
g,Buchweizenmehl
Scheibe(n),Bauernbrot
g,Bauernbrot
TL,Erdnussöl
EL,Erdnussöl
noUnit,Erdnussöl
noUnit,REWE Bio Möhren
kg,REWE Bio Möhren
g,REWE Bio Möhren
cl,Gin
ml,Gin
EL,Gin
Handvoll,frischer Koriander
noUnit,frischer Koriander
Bund,frischer Koriander
Zweig(e),frischer Koriander
etwas,frischer Koriander
Stiel(e),frischer Koriander
g,Risottoreis
EL,REWE Bio Natives Olivenöl
noUnit,REWE Bio Natives Olivenöl
ml,Frittieröl
l,Frittieröl
noUnit,Bio Limette
Packung(en),Blätterteig
g,Blätterteig
Rolle(n),Blätterteig
g,Karotte
noUnit,Karotte
g,gemahlene Haselnüsse
EL,gemahlene Haselnüsse
noUnit,Crushed Ice
noUnit,getrocknete Tomaten in Öl
Glas,getrocknete Tomaten in Öl
EL,getrocknete Tomaten in Öl
g,getrocknete Tomaten in Öl
g,Rispentomaten
noUnit,Rispentomaten
Packung(en),Vanillepuddingpulver
Päckchen,Vanillepuddingpulver
g,geriebener Cheddar
Handvoll,geriebener Cheddar
EL,REWE Bio Weizenmehl Type 550
g,REWE Bio Weizenmehl Type 550
kg,mehlig kochende Kartoffeln
g,mehlig kochende Kartoffeln
ml,Geflügelfond
Scheibe(n),Ziegenkäse
g,Ziegenkäse
Rolle(n),Ziegenkäse
noUnit,REWE Beste Wahl Pfeffer a. d. Mühle
noUnit,Kiwis
noUnit,rote Paprikaschoten
Zweig(e),Estragon
Bund,Estragon
Stiel(e),Estragon
g,Estragon
noUnit,Chorizo
g,Chorizo
Scheibe(n),Chorizo
noUnit,Senfkörner
EL,Senfkörner
TL,Senfkörner
g,Kokosraspeln
EL,Kokosraspeln
g,ja! Puderzucker
EL,ja! Puderzucker
etwas,ja! Puderzucker
kleine,Chicorée
Stück,Chicorée
Köpfe,Chicorée
noUnit,Chicorée
g,Chicorée
Handvoll,Chicorée
EL,Maisstärke
TL,Maisstärke
g,Maisstärke
g,TK-Himbeeren
l,REWE Bio Gemüsebrühe
ml,REWE Bio Gemüsebrühe
EL,REWE Bio Gemüsebrühe
TL,REWE Bio Gemüsebrühe
EL,REWE Bio Joghurt mild
g,REWE Bio Joghurt mild
g,Glasnudeln
Prise(n),Fleur de Sel
TL,Fleur de Sel
noUnit,Fleur de Sel
g,REWE Beste Wahl Schlagsahne
ml,REWE Beste Wahl Schlagsahne
g,geriebener Emmentaler
ml,lauwarmes Wasser
g,lauwarmes Wasser
noUnit,ja! Jodsalz
noUnit,Pfirsiche
kg,Pfirsiche
große,Pfirsiche
EL,REWE Bio Agavendicksaft
TL,REWE Bio Agavendicksaft
g,Pekannüsse
noUnit,Pekannüsse
g,Hokkaido
kg,Hokkaido
noUnit,Hokkaido
g,Hirse
g,Bandnudeln
l,Sprudelwasser
ml,Sprudelwasser
Kopf,Radicchio
Handvoll,Radicchio
g,Radicchio
noUnit,Radicchio
Köpfe,Radicchio
g,Zartbitter-Schokolade
g,Cherrytomaten
Stück,Cherrytomaten
noUnit,Cherrytomaten
g,Süßkartoffel
noUnit,Süßkartoffel
kleine,Süßkartoffel
große,Süßkartoffel
g,frischer Spinat
noUnit,Hagelzucker
EL,Hagelzucker
g,Hagelzucker
EL,ja! Raffinade Zucker
noUnit,ja! Raffinade Zucker
TL,ja! Raffinade Zucker
g,ja! Raffinade Zucker
noUnit,unbehandelte Zitrone
EL,Eierlikör
ml,Eierlikör
EL,REWE Bio natives Olivenöl
Gläser,Pfifferlinge
g,Pfifferlinge
g,Zartbitterkuvertüre
ml,Portwein
l,Portwein
etwas,Portwein
g,vegane Margarine
noUnit,ja! Zucker
Prise(n),ja! Zucker
g,ja! Zucker
TL,Pimentkörner
noUnit,Pimentkörner
TL,grünes Pesto
Glas,grünes Pesto
EL,grünes Pesto
g,grünes Pesto
noUnit,Eigelbe
kg,Grünkohl
g,Grünkohl
noUnit,Holzspieße
g,Spinat
Handvoll,Spinat
g,Kokosraspel
EL,Kokosraspel
g,Gruyère
g,Büffelmozzarella
Kugel(n),Büffelmozzarella
Zweig(e),getrockneter Thymian
TL,getrockneter Thymian
EL,Dijonsenf
TL,Dijonsenf
cl,Wodka
ml,Wodka
g,Rinderhack
noUnit,Tomate
große,Tomate
Scheibe(n),Kochschinken
g,Kochschinken
g,Austernpilze
g,zimmerwarme Butter
kg,Steckrübe
kleine,Steckrübe
noUnit,Steckrübe
g,Steckrübe
Prise(n),Piment
noUnit,Piment
TL,Piment
Messerspitze,Piment
g,Zartbitter-Kuvertüre
noUnit,Eigelb (Größe M)
g,Butterkekse
TL,REWE Bio Tomatenmark
EL,REWE Bio Tomatenmark
g,REWE Bio Tomatenmark
kg,Kartoffeln (mehligkochend)
g,Kartoffeln (mehligkochend)
noUnit,Kartoffeln (mehligkochend)
g,Linguine
Packung(en),Linguine
g,Schafskäse
TL,Koriandersamen
EL,Koriandersamen
EL,heller Soßenbinder
g,heller Soßenbinder
l,Hafermilch
ml,Hafermilch
noUnit,Bio-Limetten
EL,Ghee
g,Ghee
TL,Ghee
g,Doppelrahm-Frischkäse
EL,Espresso
ml,Espresso
g,Lachsfilet
Prise(n),grober Pfeffer
EL,grober Pfeffer
TL,grober Pfeffer
noUnit,grober Pfeffer
EL,Vollmilch-Joghurt
g,Vollmilch-Joghurt
noUnit,REWE Feine Welt Parmigiano Reggiano
g,REWE Feine Welt Parmigiano Reggiano
noUnit,Hokkaido Kürbis
g,Hokkaido Kürbis
kleiner,Hokkaido Kürbis
noUnit,Bio-Limette
g,Cherry Tomaten
noUnit,Cherry Tomaten
g,Rotbarschfilet
g,Butter (zimmerwarm)
noUnit,Zuckerstreusel
EL,Zuckerstreusel
g,Kräuterfrischkäse
EL,Kräuterfrischkäse
TL,Dijon-Senf
EL,Dijon-Senf
noUnit,Dijon-Senf
noUnit,Tabasco
etwas,Tabasco
TL,Tabasco
Spritzer,Tabasco
g,Pecorino
g,Rinderfilet
g,Nuss-Nougat-Creme
EL,Nuss-Nougat-Creme
g,REWE Frei von Frischkäse
Packung(en),REWE Frei von Frischkäse
Päckchen,Bourbon Vanillezucker
Packung(en),Bourbon Vanillezucker
EL,Erdnussmus
noUnit,Erdnussmus
noUnit,Brötchen
g,ja! Schmand
EL,ja! Schmand
noUnit,Wirsingkohl
Kopf,Wirsingkohl
g,Wirsingkohl
Messerspitze,gemahlener Koriander
Prise(n),gemahlener Koriander
noUnit,gemahlener Koriander
TL,gemahlener Koriander
g,junger Spinat
Zweig(e),frischer Rosmarin
noUnit,frischer Rosmarin
Bund,Rauke
g,Rauke
noUnit,Pak Choi
g,Pak Choi
etwas,Öl zum Braten
noUnit,Öl zum Braten
Handvoll,grüne Oliven
noUnit,grüne Oliven
EL,grüne Oliven
g,grüne Oliven
noUnit,frisch geriebene Muskatnuss
noUnit,Bio Orange
TL,REWE Bio Blütenhonig
EL,REWE Bio Blütenhonig
TL,Zuckersirup
cl,Zuckersirup
Prise(n),Safranfäden
Messerspitze,Safranfäden
TL,Safranfäden
g,Safranfäden
noUnit,Kardamomkapseln
EL,ja! Butter
g,ja! Butter
l,Rinderbrühe
ml,Rinderbrühe
Scheibe(n),Pancetta
g,Pancetta
noUnit,REWE Feine Welt Tellicherry Pfeffer
noUnit,REWE Bio Eier (Größe M)
g,Cheddar
Scheibe(n),Cheddar
TL,getrockneter Oregano
g,Johannisbeeren
noUnit,Mehl für die Arbeitsfläche
EL,Balsamico-Essig
Messerspitze,gemahlene Nelken
Prise(n),gemahlene Nelken
Msp.,gemahlene Nelken
Prise(n),ja! Salz
noUnit,ja! Salz
kleine,grüne Paprikaschote
noUnit,grüne Paprikaschote
g,Schinkenwürfel
g,Frischkäse (Doppelrahmstufe)
noUnit,Tortilla Wraps
EL,REWE Bio Butter
g,REWE Bio Butter
EL,Fischsoße
Spritzer,Fischsoße
g,REWE Bio Cashewkerne
EL,REWE Bio Cashewkerne
Stück,frischer Ingwer
g,frischer Ingwer
noUnit,Hähnchenbrüste
EL,Reisessig
Tasse(n),Reisessig
ml,Reisessig
TL,Fenchelsamen
EL,Fenchelsamen
g,Mandelmehl
noUnit,Mandelmehl
noUnit,Frischhaltefolie
g,Seelachsfilet
noUnit,Salatblätter
große,Salatblätter
g,Strauchtomaten
kg,Strauchtomaten
noUnit,Strauchtomaten
noUnit,Gemüsezwiebeln
große,Gemüsezwiebeln
kg,Gemüsezwiebeln
EL,Himbeeressig
ml,Himbeeressig
Bund,frisches Basilikum
noUnit,frisches Basilikum
Stiel(e),frisches Basilikum
Handvoll,frisches Basilikum
TL,frischer Thymian
Zweig(e),frischer Thymian
noUnit,frischer Thymian
kleine,Chilischoten
noUnit,Chilischoten
noUnit,rote Lebensmittelfarbe
EL,ja! Olivenöl
noUnit,ja! Olivenöl
l,ja! Olivenöl
g,Sahnejoghurt
g,Kartoffeln (vorwiegend festkochend)
kg,Kartoffeln (vorwiegend festkochend)
g,Babyspinat
noUnit,Maracuja
g,getrocknete Datteln
g,geriebener Mozzarella
kleiner,roter Apfel
noUnit,roter Apfel
g,REWE Frei von Vollmilchschokolade
g,Penne
noUnit,Ei (Gr. M)
g,REWE Bio Rote Linsen
TL,gemahlene Vanille
noUnit,gemahlene Vanille
Msp.,gemahlene Vanille
Prise(n),gemahlene Vanille
g,Shiitake Pilze
noUnit,Shiitake Pilze
g,gesalzene Erdnüsse
EL,gesalzene Erdnüsse
ml,Tonic Water
noUnit,Knoblauchknolle
Schote(n),Paprika (rot)
noUnit,Paprika (rot)
g,Spätzle
g,Tagliatelle
noUnit,reife Mango
EL,REWE Beste Wahl Crème fraîche
g,REWE Beste Wahl Crème fraîche
Becher,REWE Beste Wahl Crème fraîche
EL,Zitronenabrieb
TL,Zitronenabrieb
noUnit,Zitronenabrieb
noUnit,Kiwi
noUnit,Auberginen
kleine,Auberginen
TL,dunkler Soßenbinder
EL,dunkler Soßenbinder
l,kaltes Wasser
ml,kaltes Wasser
EL,kaltes Wasser
noUnit,Bananen (sehr reif)
g,Datteln
noUnit,Datteln
TL,Meerrettich
EL,Meerrettich
Scheibe(n),Kräuterbutter
g,Kräuterbutter
ml,Sojadrink
g,Sojadrink
TL,Back-Kakao
EL,Back-Kakao
g,Back-Kakao
kg,Kartoffeln (festkochend)
g,Kartoffeln (festkochend)
TL,frisch gemahlener schwarzer Pfeffer
noUnit,frisch gemahlener schwarzer Pfeffer
EL,Tahini
g,Tahini
TL,Tahini
g,REWE Bio Feta
Packung(en),REWE Bio Feta
g,Parmesan am Stück
EL,Sojajoghurt
g,Sojajoghurt
g,Pistazienkerne
EL,Pistazienkerne
g,feiner Zucker
EL,feiner Zucker
noUnit,kleine Tomaten
noUnit,Salatgurken
g,Zott Zottarella Rolle Classic
TL,Currypaste
EL,Currypaste
EL,ja! Olivenöl Extra Nativ
l,ja! Milch
ml,ja! Milch
EL,ja! Milch
g,Schweineschmalz
EL,Schweineschmalz
g,Speisequark
Msp.,Vanillemark
TL,Vanillemark
TL,Sesamsaat
noUnit,Sesamsaat
g,Sesamsaat
EL,Sesamsaat
noUnit,Bio Limetten
Scheibe(n),Gouda
g,Gouda
g,Tofu
noUnit,REWE Beste Wahl Frische Eier aus Freilandhaltung
noUnit,Mehl zum Ausrollen
g,REWE Beste Wahl Walnusskerne
Stiel(e),Zitronenmelisse
noUnit,Zitronenmelisse
Zweig(e),Zitronenmelisse
Stange(n),Zitronenmelisse
g,Fenchelknolle
kleine,Fenchelknolle
große,Fenchelknolle
noUnit,Fenchelknolle
g,geräucherter Speck
g,Basilikumblätter
Handvoll,Basilikumblätter
g,Dinkelvollkornmehl
TL,geräuchertes Paprikapulver
noUnit,geräuchertes Paprikapulver
g,REWE Bio Räucherlachs
ml,Mandelmilch
Handvoll,Kumquats
Päckchen,Kumquats
g,Kumquats
noUnit,Kumquats
g,TK-Blattspinat
TL,Paprikapulver rosenscharf
noUnit,Paprikapulver rosenscharf
noUnit,Nektarinen
g,Petersilienwurzel
noUnit,Petersilienwurzel
g,ja! Zarte Haferflocken
EL,Salat-Mayonnaise
g,Salat-Mayonnaise
ml,warmes Wasser
TL,REWE Bio Paprikapulver edelsüß
noUnit,REWE Bio Paprikapulver edelsüß
EL,Preiselbeeren
TL,Preiselbeeren
g,durchwachsener Speck
Scheibe(n),durchwachsener Speck
g,Hartweizengrieß
EL,Hartweizengrieß
cl,Ananassaft
l,Ananassaft
ml,Ananassaft
noUnit,kleine rote Zwiebel
g,rote Johannisbeeren
Handvoll,rote Johannisbeeren
EL,Sour Cream
g,Sour Cream
Becher,Sour Cream
noUnit,Shiitake-Pilze
g,Shiitake-Pilze
noUnit,Gefrierbeutel
kleine,Gefrierbeutel
großer,Gefrierbeutel
g,Schweinegulasch
Glas,Kirschen
g,Kirschen
kg,Rindergulasch
g,Rindergulasch
noUnit,große Zwiebeln
ml,Pflanzenöl zum Frittieren
l,Pflanzenöl zum Frittieren
noUnit,Pflanzenöl zum Frittieren
noUnit,Brombeeren
g,Brombeeren
EL,REWE Bio Sonnenblumenöl
TL,heller Essig
EL,heller Essig
Packung(en),Tortellini
g,Gratinkäse
ml,lauwarme Milch
l,Kirschsaft
ml,Kirschsaft
g,Weizenvollkornmehl
g,Milchreis
g,gehackte Walnüsse
EL,gehackte Walnüsse
noUnit,Haferkekse
g,Haferkekse
EL,getrocknete Kirschen
g,getrocknete Kirschen
g,Marshmallows
noUnit,Marshmallows
ml,Fleischbrühe
noUnit,gemahlene Muskatnuss
TL,gemahlene Muskatnuss
ml,gesüßte Kondensmilch
EL,gesüßte Kondensmilch
ml,REWE Feine Welt Gemüse Fond
Glas,REWE Feine Welt Gemüse Fond
g,ja! Schlagsahne
EL,ja! Schlagsahne
ml,ja! Schlagsahne
noUnit,kleine Zwiebeln
g,Cherry Rispentomaten
Stange(n),Porree (Lauch)
g,Porree (Lauch)
Päckchen,Bourbon-Vanillezucker
TL,Bourbon-Vanillezucker
noUnit,mittelgroße Tomaten
g,mittelgroße Tomaten
g,Vollmilchschokolade
noUnit,Feigen
g,Feigen
g,Brie
Zweig(e),Thai-Basilikum
Bund,Thai-Basilikum
noUnit,Thai-Basilikum
Stiel(e),Thai-Basilikum
Glas,rotes Pesto
EL,rotes Pesto
TL,rotes Pesto
g,Bärlauch
Bund,Bärlauch
Zweig(e),Bärlauch
noUnit,Zwiebel(n)
Zweig(e),Zitronenthymian
Stiel(e),Zitronenthymian
g,REWE Bio Hähnchenbrustfilet
EL,Zuckerperlen
noUnit,Zuckerperlen
g,schwarze Bohnen
Dose(n),schwarze Bohnen
ml,REWE Bio fettarme Milch
EL,REWE Bio fettarme Milch
Dose(n),Sauerkraut
kg,Sauerkraut
g,Sauerkraut
g,Erbsen (TK)
noUnit,REWE Beste Wahl Schalotten
g,Vollmilchjoghurt
g,Amaranth
noUnit,Würfel frische Hefe
EL,Crème fraîche mit Kräutern
g,Crème fraîche mit Kräutern
EL,heller Balsamico-Essig
g,Maisgrieß
EL,Maisgrieß
EL,REWE Beste Wahl Kalifornische Mandeln gemahlen
g,REWE Beste Wahl Kalifornische Mandeln gemahlen
noUnit,Wiener Würstchen
g,REWE Bio Weizen-Vollkornmehl
g,Spekulatius
Stück,Spekulatius
noUnit,Spekulatius
Packung(en),gemahlene Gelatine
TL,gemahlene Gelatine
Päckchen,gemahlene Gelatine
noUnit,Kräuterseitlinge
g,Kräuterseitlinge
g,Salami
l,REWE Feine Welt Rinderfond
g,REWE Feine Welt Rinderfond
ml,REWE Feine Welt Rinderfond
noUnit,Peperoni
noUnit,Röstzwiebeln
EL,Röstzwiebeln
g,Röstzwiebeln
TL,Röstzwiebeln
g,Löffelbiskuits
noUnit,Löffelbiskuits
ml,gezuckerte Kondensmilch
g,gezuckerte Kondensmilch
g,Parmaschinken
Scheibe(n),Parmaschinken
g,ja! Butter mild gesäuert
EL,ja! Butter mild gesäuert
g,getrocknete Steinpilze
g,Mohn
EL,Mohn
g,dunkle Kuvertüre
Packung(en),dunkle Kuvertüre
kg,Roastbeef
g,Roastbeef
EL,Spekulatiusgewürz
TL,Spekulatiusgewürz
noUnit,Fenchelknollen
EL,ja! Rapsöl
TL,ja! Rapsöl
g,Salatmayonnaise
EL,Salatmayonnaise
noUnit,Kartoffel
große,Kartoffel
kleine,Hähnchenschenkel
kg,Hähnchenschenkel
noUnit,Hähnchenschenkel
TL,Leinsamen
EL,Leinsamen
g,Leinsamen
EL,Ras el Hanout
TL,Ras el Hanout
noUnit,Ras el Hanout
ml,Sojamilch
Packung(en),THOMY Sauce Hollandaise
g,getrocknete Feigen
noUnit,getrocknete Feigen
noUnit,Sambal Oelek
TL,Sambal Oelek
kg,Wassermelone
g,Wassermelone
noUnit,Wassermelone
noUnit,etwas Ingwer
g,"Kartoffeln, festkochend"
noUnit,"Kartoffeln, festkochend"
EL,rosa Pfefferbeeren
noUnit,rosa Pfefferbeeren
TL,rosa Pfefferbeeren
g,"Hackfleisch, gemischt"
g,gemischte Pilze
ml,Entenfond
Glas,Entenfond
noUnit,weißer Pfeffer aus der Mühle
g,REWE Beste Wahl Kartoffeln
g,Buchweizen
g,Miesmuscheln
kg,Miesmuscheln
Handvoll,"Parmesan, gerieben"
g,"Parmesan, gerieben"
EL,"Parmesan, gerieben"
Scheibe(n),Milram Müritzer Scheiben
g,Milram Müritzer Scheiben
g,glutenfreies Mehl
noUnit,Maiskolben
noUnit,Öl für die Form
noUnit,Riesenchampignons
kg,Bundmöhren
noUnit,Bundmöhren
g,Bundmöhren
Blätter,weiße Gelatine
Blatt,weiße Gelatine
TL,süßer Senf
EL,süßer Senf
noUnit,süßer Senf
Gläser,eingelegte Steinpilze
ml,eingelegte Steinpilze
Glas,eingelegte Steinpilze
noUnit,Holzspießchen
noUnit,gemahlener Pfeffer
g,Granatapfelkerne
EL,Granatapfelkerne
Msp.,REWE Feine Welt Rotes Gold (Safranfäden)
noUnit,REWE Feine Welt Rotes Gold (Safranfäden)
TL,REWE Feine Welt Rotes Gold (Safranfäden)
TL,gehackte Petersilie
EL,gehackte Petersilie
Packung(en),echter Vanillezucker
Päckchen,echter Vanillezucker
noUnit,Hefewürfel
g,Hefewürfel
EL,Worcestersauce
TL,Worcestersauce
ml,Worcestersauce
noUnit,Bio-Eier
noUnit,Limette (Saft)
halbe,Limette (Saft)
EL,Koriandersaat
TL,Koriandersaat
TL,REWE Beste Wahl Kreta Olivenöl extra
EL,REWE Beste Wahl Kreta Olivenöl extra
noUnit,gelbe Paprikaschoten
noUnit,kleine Aubergine
TL,Fenchelsaat
EL,Fenchelsaat
Knolle(n),"Rote Bete (vorgekocht, vakuumiert)"
g,"Rote Bete (vorgekocht, vakuumiert)"
noUnit,Handvoll Rucola
g,Meersalzbutter
noUnit,Meersalzbutter
ml,REWE Frei von H-Vollmilch
EL,REWE Frei von H-Vollmilch
TL,Vanilleextrakt
noUnit,Vanilleextrakt
g,Farfalle
EL,geröstete Erdnüsse
g,geröstete Erdnüsse
EL,Kichererbsenmehl
g,Kichererbsenmehl
TL,Kichererbsenmehl
g,REWE Bio Schweizer Vollmilchschokolade
noUnit,Würfel Hefe
g,ja! Weizenmehl Type 405
g,Mini-Mozzarella
noUnit,Mini-Mozzarella
g,Streukäse
EL,Reissirup
TL,Reissirup
g,Reissirup
noUnit,etwas Butter zum Einfetten
TL,Pflaumenmus
EL,Pflaumenmus
noUnit,REWE Bio Orange
g,Mangold
Bund,Mangold
noUnit,Mangold
g,Butternut-Kürbis
noUnit,Butternut-Kürbis
g,REWE Frei von Mehl glutenfrei
g,Pistazien gehackt
g,frische Cranberries
noUnit,frische Cranberries
cl,Cranberrysaft
ml,Cranberrysaft
noUnit,Paprikaschoten
g,Paprikaschoten
noUnit,altbackenes Brötchen
Handvoll,Kokosflocken
EL,Kokosflocken
g,Kokosflocken
g,Mandelsplitter
EL,Mandelsplitter
noUnit,große Zucchini
g,REWE Bio Weizenmehl
Prise(n),gemahlener Ingwer
TL,gemahlener Ingwer
noUnit,Weißbrot
Scheibe(n),Weißbrot
g,Weißbrot
g,Schmalz
EL,Schmalz
noUnit,Zitrone Bio
noUnit,Bio Zitronen
ml,Mineralwasser mit Kohlensäure
l,Mineralwasser mit Kohlensäure
ml,Kalbsfond
noUnit,gemahlener Kreuzkümmel
TL,gemahlener Kreuzkümmel
noUnit,Putenschnitzel
Stück,Putenschnitzel
g,Putenschnitzel
noUnit,säuerliche Äpfel
EL,REWE Bio Sonnenblumenkerne geschält
g,REWE Bio Sonnenblumenkerne geschält
EL,Fischsauce
ml,REWE Bio Klare Gemüsebrühe
g,REWE Bio Klare Gemüsebrühe
g,Bulgur
g,ja! geriebener Emmentaler
noUnit,REWE Bio Mozzarella
g,REWE Bio Mozzarella
Packung(en),REWE Bio Mozzarella
noUnit,Zimtpulver
TL,Zimtpulver
g,REWE Bio Couscous
Packung(en),grüne Lebensmittelfarbe
noUnit,grüne Lebensmittelfarbe
TL,grüne Lebensmittelfarbe
noUnit,Ciabatta
Scheibe(n),Ciabatta
ml,"Apfelsaft, naturtrüb"
l,"Apfelsaft, naturtrüb"
g,REWE Beste Wahl Speisequark Magerstufe
ml,Holunderblütensirup
EL,Holunderblütensirup
noUnit,Kakaonibs
TL,Kakaonibs
EL,Kakaonibs
noUnit,große Möhren
Knolle(n),Rote Bete (frisch)
kleine,Rote Bete (frisch)
g,Schokoraspel
EL,Schokoraspel
Stiel(e),frische Petersilie
noUnit,frische Petersilie
Bund,frische Petersilie
g,gehobelte Mandeln
EL,gehobelte Mandeln
noUnit,Bio Eier
TL,REWE Feine Welt Aceto Balsamico di Modena I.G.P.
ml,REWE Feine Welt Aceto Balsamico di Modena I.G.P.
EL,REWE Feine Welt Aceto Balsamico di Modena I.G.P.
g,Vollmilch-Schokolade
g,Spargel
Glas,Spargel
g,Vollkorn-Spaghetti
g,Polenta
g,Gelierzucker (2:1)
g,Schupfnudeln
g,Langkornreis
Scheibe(n),Schinken
g,Schinken
g,Weizenmehl Type 550
g,Butter (weich)
noUnit,Maracujas
EL,Pesto
TL,Pesto
Packung(en),REWE to go Granatapfelkerne
Handvoll,REWE to go Granatapfelkerne
noUnit,Tortilla-Wraps
Kopf,Friséesalat
Handvoll,Friséesalat
g,schwarzer Sesam
TL,schwarzer Sesam
EL,schwarzer Sesam
g,Champignons (braun)
noUnit,mittelgroße Zwiebel
Handvoll,Weintrauben
g,Weintrauben
g,REWE Beste Wahl aromatische Walnüsse
g,getrocknete Tomaten (in Öl)
noUnit,getrocknete Tomaten (in Öl)
g,Emmentaler
Scheibe(n),Emmentaler
g,Weizenmehl Type 405
EL,Mango-Chutney
TL,Mango-Chutney
ml,Mango-Chutney
g,feine Haferflocken
noUnit,REWE Bio Cherrytomaten
g,REWE Bio Cherrytomaten
ml,Fischfond
EL,Öl (zum Braten)
noUnit,Öl (zum Braten)
ml,REWE Bio natives Olivenöl extra
EL,REWE Bio natives Olivenöl extra
Packung(en),frischer Blätterteig (Kühlregal)
noUnit,ja! Soft-Datteln
g,ja! Soft-Datteln
noUnit,Bio-Salatgurke
g,Bio-Salatgurke
g,Belugalinsen
Packung(en),Tortilla Chips
g,Tortilla Chips
Handvoll,Tortilla Chips
ml,REWE Bio Milch
EL,REWE Bio Milch
TL,Schokostreusel
g,Schokostreusel
noUnit,Schokostreusel
EL,Bier
ml,Bier
g,ja! Soft-Aprikosen
noUnit,ja! Soft-Aprikosen
EL,ja! Natives Rapsöl
TL,Fleur de sel
Prise(n),Fleur de sel
noUnit,Fleur de sel
TL,ja! Tomatenmark
EL,ja! Tomatenmark
EL,REWE Beste Wahl Brauner Roh-Rohrzucker
g,REWE Beste Wahl Brauner Roh-Rohrzucker
TL,geschrotete Leinsamen
g,geschrotete Leinsamen
noUnit,Paprika gelb
g,Sesamsamen
EL,Sesamsamen
Scheibe(n),REWE Feine Welt Italiens Backkunst Ciabatta
g,REWE Feine Welt Italiens Backkunst Ciabatta
EL,Sprühsahne
noUnit,Sprühsahne
ml,Sprühsahne
Dose(n),Pizzatomaten
g,Pizzatomaten
EL,ja! Markenbutter
g,ja! Markenbutter
TL,ja! Markenbutter
noUnit,Hähnchenfilets (à ca. 150 g)
g,REWE Bio Zwiebeln
noUnit,REWE Bio Zwiebeln
noUnit,Chiquita Bananen (überreif)
EL,weißer Balsamico
noUnit,weißer Balsamico
ml,weißer Balsamico
TL,Weinsteinbackpulver
EL,Haselnusskerne
g,Haselnusskerne
g,Apfelmus
Glas,Apfelmus
g,Essiggurken
noUnit,Essiggurken
EL,Orangenlikör
TL,Orangenlikör
cl,Orangenlikör
ml,Orangenlikör
noUnit,große Süßkartoffel
g,REWE Beste Wahl Crème Fraîche
g,getrocknete Cranberrys
g,Schupfnudeln (Kühlregal)
noUnit,Oregano (getrocknet)
TL,Oregano (getrocknet)
EL,Balsamico Crema
TL,Balsamico Crema
EL,Baileys
g,Baileys
cl,Baileys
EL,grüne Currypaste
TL,grüne Currypaste
Blätter,Romanasalat
Kopf,Romanasalat
noUnit,Romanasalat
Köpfe,Romanasalat
g,Fleischtomaten
noUnit,Fleischtomaten
große,Fleischtomaten
noUnit,Quitten
kg,Quitten
noUnit,Fett zum Frittieren
g,Tempeh
g,körniger Frischkäse
noUnit,REWE Bio Pfeffer aus der Mühle
noUnit,REWE Bio Orangen
TL,Paprika rosenscharf
Messerspitze,Paprika rosenscharf
Prise(n),Paprika rosenscharf
noUnit,Edelsüß-Paprika
TL,Edelsüß-Paprika
TL,Cumin
noUnit,Cumin
Msp.,Cumin
kg,Frittierfett
noUnit,Frittierfett
l,Frittierfett
g,REWE Bio Fusilli Kichererbsen
noUnit,REWE Regional Zwiebel
EL,REWE Feine Welt Lesvos g.g.A. mildes Olivenöl
l,REWE Bio Haferdrink
ml,REWE Bio Haferdrink
EL,REWE Bio Haferdrink
g,Crème Fraîche
noUnit,Salbeiblätter
Handvoll,Salbeiblätter
Kugel(n),Eis
noUnit,Eis
EL,geschälte Sesamsaat
EL,REWE Feine Welt Olivenöl
g,Porridge Kakao Nuss
EL,gehobelter Parmesan
noUnit,gehobelter Parmesan
noUnit,"Schraubgläser (Twist off), sterilisiert"
g,REWE Feine Welt Tiroler Bergkäse
Packung(en),REWE Feine Welt Burrata
g,REWE Feine Welt Burrata
EL,Misopaste
TL,Misopaste
noUnit,REWE Tafelsalz
noUnit,bunter Pfeffer aus der Mühle
noUnit,REWE Bio Zwiebel
g,Vollrohrzucker (z. B. von REWE Bio)
g,Haselnuss-Krokant
EL,Haselnuss-Krokant
g,REWE Bio Feta 45%
g,Walnusskernhälften
g,Basmati Reis
noUnit,Passionsfrüchte
EL,REWE Frei von H-Schlagsahne
g,REWE Frei von H-Schlagsahne
Packung(en),REWE Frei von H-Schlagsahne
g,REWE Frei von Frischkäse laktosefrei
g,"Mandeln, gehackt"
noUnit,"Limette, unbehandelt"
noUnit,kleine rote Chilischote
g,Gänseschmalz
EL,Gänseschmalz
EL,Soßenbinder
Stück,Viktoriaseebarschfilet
g,Viktoriaseebarschfilet
TL,ja! Paniermehl
EL,ja! Paniermehl
TL,REWE Bio Kokosöl nativ
EL,REWE Bio Kokosöl nativ
g,Filoteig
Packung(en),Filoteig
Stück,Ingwer (1 cm)
noUnit,Eier (Größe L)
noUnit,kleine Knoblauchzehe
Stück,Romana Salatherzen
noUnit,Romana Salatherzen
g,Fetakäse
EL,dunkler Balsamicoessig
ml,dunkler Balsamicoessig
TL,Kräuter der Provence
EL,Kräuter der Provence
noUnit,schwarzer Pfeffer (frisch gemahlen)
g,REWE Frei von Mozzarella
Packung(en),REWE Frei von Mozzarella
noUnit,Backpflaumen
g,Backpflaumen
g,Sardellenfilets
noUnit,Sardellenfilets
g,Vollkornspaghetti
g,ja! Mandeln ganze Kerne
EL,ja! Mandeln ganze Kerne
g,weißer Zucker
g,REWE Bio Speisequarkzubereitung
noUnit,Vanillearoma
Flasche(n),Vanillearoma
TL,Vanillearoma
noUnit,kleiner Apfel
EL,ja! Weizenmehl
g,ja! Weizenmehl
EL,roter Essig
noUnit,roter Essig
g,Basis Porridge
noUnit,Orange (unbehandelt)
noUnit,Zitrone (Saft)
g,Fleischwurst
g,Nudeln
noUnit,frische Beeren
g,frische Beeren
Scheibe(n),roher Schinken
EL,Cranberry-Sauce
g,Cranberry-Sauce
kg,Steckrüben
g,Steckrüben
g,Aprikosen-Konfitüre
TL,Senfsamen
g,Garnelen
g,Butternutkürbis
noUnit,Butternutkürbis
g,Perlzwiebeln
Stück,Zuckeraugen
noUnit,Zuckeraugen
EL,REWE Bio klare Gemüsebrühe
TL,REWE Bio klare Gemüsebrühe
ml,REWE Bio klare Gemüsebrühe
g,tiefgefrorene Erbsen
g,REWE Frei von Mehlmischung glutenfrei
ml,heißes Wasser
EL,heißes Wasser
g,Kräuterquark
Stange(n),Frühlingslauch
g,Frühlingslauch
Bund,Frühlingslauch
Knolle(n),Rote Bete (vakuumiert)
g,Rote Bete (vakuumiert)
Packung(en),REWE Feine Welt Gefüllte Gnocchi
noUnit,REWE Bio schwarzer Pfeffer a. d. Mühle
g,Kabeljaufilet
EL,braunen Zucker
g,braunen Zucker
g,frischer Pizzateig
Packung(en),frischer Pizzateig
ml,Apfelwein
EL,Apfelwein
g,Lammlachse
noUnit,Lammlachse
g,Preiselbeeren (Glas)
TL,Preiselbeeren (Glas)
EL,Preiselbeeren (Glas)
g,ja! Walnüsse ganze Kerne
EL,ja! Walnüsse ganze Kerne
Handvoll,ja! Walnüsse ganze Kerne
g,Vanillekipferl
Stück,Vanillekipferl
ml,Geflügelbrühe
Glas,grüne Oliven ohne Stein
g,grüne Oliven ohne Stein
Packung(en),Gnocchi (aus dem Kühlregal)
g,Gnocchi (aus dem Kühlregal)
g,"Kartoffeln, mehligkochend"
kg,"Kartoffeln, mehligkochend"
EL,Agavensirup
g,"Pistazien (ungesalzen, ohne Schale)"
kleine,reife Banane
noUnit,reife Banane
EL,REWE Beste Wahl Zitronensaft
TL,REWE Beste Wahl Zitronensaft
noUnit,Butter für die Form
Kopf,Römersalat
noUnit,Römersalat
g,Römersalat
TL,Knoblauchgranulat
noUnit,Spitzpaprika
Handvoll,Spitzpaprika
noUnit,REWE Regional Möhren
g,REWE Regional Möhren
g,weiße Bohnen
noUnit,"Paprika, gelb"
g,ja! Haselnusskerne ganz
EL,ja! Haselnusskerne ganz
noUnit,grüne Chilischoten
noUnit,Rosmarinzweige
kleine,Rosmarinzweige
EL,Parmesan (frisch gerieben)
g,Parmesan (frisch gerieben)
g,Zuckerrübensirup
EL,Zuckerrübensirup
g,Weichweizengrieß
TL,Wasabi
noUnit,Wasabi
g,Wilhelm Brandenburg Hackfleisch gemischt
g,Bauchspeck
g,Zitronat
noUnit,Kapernäpfel
EL,Remoulade
noUnit,schwarze Zuckerschrift
g,Baiser
noUnit,Baiser
Bund,frische Rote Bete
Knolle(n),frische Rote Bete
Dose(n),REWE Bio Kokosmilch
ml,REWE Bio Kokosmilch
Scheibe(n),Raclettekäse
g,Raclettekäse
TL,Sahne-Meerrettich
EL,Sahne-Meerrettich
TL,gemahlener Zimt
Messerspitze,gemahlener Zimt
g,Zucker (fein)
EL,Pflanzenöl für den Grillrost
TL,getrockneter Majoran
g,Milram Sour Cream
EL,REWE Beste Wahl Butter
g,REWE Beste Wahl Butter
g,kleine neue Kartoffeln
kg,kleine neue Kartoffeln
noUnit,Cannelloni
g,Cannelloni
g,Hummus
Packung(en),Hummus
EL,Hummus
Packung(en),Semmelknödel
noUnit,Semmelknödel
EL,REWE Bio Apfelessig mit Honig
noUnit,grobes Salz
TL,grobes Salz
g,Camembert
EL,REWE Bio Apfelessig
ml,REWE Bio Apfelessig
Packung(en),REWE Beste Wahl Frischer Blätterteig
Rolle(n),REWE Beste Wahl Frischer Blätterteig
g,"Frischkäse, Doppelrahmstufe"
g,Weizen-Vollkornmehl
Prise(n),Rauchsalz
TL,Rauchsalz
noUnit,Rauchsalz
Stück,Ingwer (daumengroß)
g,Mini-Marshmallows
noUnit,Mini-Marshmallows
noUnit,Pflaumen
kg,Pflaumen
ml,REWE Bio Aceto Balsamico
EL,REWE Bio Aceto Balsamico
EL,REWE Feine Welt Burgenland Tracht Blütenhonig
g,Pekannusskerne
noUnit,kleine Chilischote
noUnit,Medjool Datteln
g,Medjool Datteln
TL,Zimtsterne
g,Zimtsterne
noUnit,Zimtsterne
g,Cranberries
g,Schweinenacken
kg,Schweinenacken
Packung(en),ja! Passierte Tomaten
g,ja! Passierte Tomaten
g,REWE Beste Wahl getrocknete Tomaten in Öl
ml,REWE Beste Wahl getrocknete Tomaten in Öl
g,REWE Bio Edel-Bitterschokolade 85%
noUnit,bunte Streusel
EL,Bohnenkraut
Stange(n),Bohnenkraut
noUnit,Bohnenkraut
g,Erbsen (tiefgefroren)
g,Mandelkerne ohne Haut
noUnit,Mandelkerne ohne Haut
noUnit,Fladenbrot
g,"Joghurt (1,5 %)"
ml,Vodka
ml,Weißbier
noUnit,daumengroßes Stück Ingwer
g,TK-Spinat
Bund,Suppengemüse
Packung(en),Suppengemüse
g,"Mandeln, gemahlen"
noUnit,reife Birnen
Scheibe(n),Pumpernickel
g,Cherry Romatomaten
g,Orecchiette
EL,Chilisoße
EL,Parmesan gerieben
g,Parmesan gerieben
g,Sauerkirschen
Glas,Sauerkirschen
Dose(n),Sauerkirschen
noUnit,Selleriestangen
ml,Gemüsebrühe (glutenfrei)
Handvoll,"geröstete, gesalzene Erdnüsse"
EL,"geröstete, gesalzene Erdnüsse"
g,"geröstete, gesalzene Erdnüsse"
noUnit,REWE Bio Zucchini
g,REWE Bio Zucchini
g,REWE Bio Dinkelvollkornmehl
noUnit,Öl zum Anbraten
EL,Öl zum Anbraten
noUnit,"Pfeffer, frisch gemahlen"
noUnit,Markknochen
EL,Orangenmarmelade
ml,REWE frei von H-Schlagsahne
g,REWE frei von H-Schlagsahne
noUnit,Öl zum Bestreichen des Raclettes
g,gemahlener Mohn
g,frischer Babyspinat
kg,frischer Babyspinat
noUnit,Einmachgläser (à 250 ml)
g,REWE Feine Welt Elsässer Sonntag (Bandnudeln)
kg,vorwiegend festkochende Kartoffeln
g,vorwiegend festkochende Kartoffeln
EL,italienische Kräuter
TL,italienische Kräuter
g,Roggenmehl
g,ungesalzene Erdnüsse
ml,REWE Bio H-Vollmilch
Glas,REWE Feine Welt Trüffel
noUnit,REWE Feine Welt Trüffel
Zehe(n),REWE Bio Knoblauch
Stück,REWE Feine Welt Parmigiano Reggiano DOP
g,REWE Feine Welt Parmigiano Reggiano DOP
TL,Schwarzkümmel
EL,REWE Bio Saure Sahne
g,REWE Bio Saure Sahne
g,Maronen (vorgegart)
g,REWE Frei von Fusilli
noUnit,Cornichons
Glas,Cornichons
g,geräucherter durchwachsener Speck
große,Äpfel (z. B. Boskop)
noUnit,Äpfel (z. B. Boskop)
noUnit,REWE Bio-Zitrone
g,REWE ja! Schlagsahne
EL,REWE ja! Schlagsahne
noUnit,große rote Zwiebel
noUnit,Mettwürstchen
noUnit,Paprika rot
g,reife Tomaten
noUnit,reife Tomaten
g,Sushi Reis
noUnit,Jalapeno
EL,Balsamico bianco
g,dunkle Schokolade
g,Kokosblütenzucker
EL,Kokosblütenzucker
EL,Quittengelee
g,ganze Mandeln
noUnit,ganze Mandeln
g,Chorizo am Stück
g,REWE Regional Tomaten
g,Steinpilze
Gläser,Steinpilze
EL,REWE Bio Vollrohrzucker
g,REWE Bio Vollrohrzucker
g,weiße Champignons
EL,Sherry
ml,Sherry
noUnit,mittelgroße Zwiebeln
noUnit,große Kartoffeln
g,Kasseler
kg,frischer Blattspinat
g,frischer Blattspinat
g,REWE Bio Dinkel-Flakes
g,Mie-Nudeln
g,Sauerrahm
EL,Sauerrahm
Packung(en),REWE Feine Welt Feta Lesbos
g,REWE Feine Welt Feta Lesbos
noUnit,Amarettini
g,Amarettini
g,weiche REWE Bio Süßrahmbutter
noUnit,"Orange, unbehandelt"
TL,ja! mittelscharfer Senf
EL,ja! mittelscharfer Senf
g,Rettich
noUnit,Rettich
Msp.,"Paprikapulver, edelsüß"
TL,"Paprikapulver, edelsüß"
g,Fusilli
g,REWE Bio Hackfleisch
Packung(en),Puddingpulver Vanille
Päckchen,Puddingpulver Vanille
g,ja! Mozzarella
Packung(en),ja! Mozzarella
Kugel(n),ja! Mozzarella
kg,Kartoffeln (Drillinge)
g,Kartoffeln (Drillinge)
noUnit,Burgerbrötchen
g,REWE Frei von Magerquark laktosefrei
g,Gouda am Stück
g,Gewürzspekulatius
EL,Kirschwasser
g,Lebkuchen
noUnit,Sellerieknolle
Scheibe(n),Vollkorntoast
noUnit,schwarzer Pfeffer aus der Mühle
kg,Äpfel (z. B. von REWE Regional)
noUnit,Eichblattsalat
Kopf,Eichblattsalat
g,Pilze
g,REWE Bio Dinkel-Vollkornmehl
noUnit,Bio Orangen
g,Riesengarnelen
noUnit,Riesengarnelen
TL,"Koriander, gemahlen"
noUnit,"Koriander, gemahlen"
EL,REWE Bio kaltgepr. Sonnenblumenöl
noUnit,grüne Chili
Schote(n),grüne Chili
noUnit,Brötchen vom Vortag
g,Brötchen vom Vortag
EL,Hefeflocken
Prise(n),REWE Beste Wahl Zimt gemahlen
TL,REWE Beste Wahl Zimt gemahlen
ml,Tomatensaft
EL,Tomatensaft
g,Mandelmus
EL,Mandelmus
g,REWE Bio Kartoffeln
g,"REWE Bio Joghurt (1,8 % Fett)"
ml,Mirin
EL,Mirin
ml,REWE Beste Wahl Orangensaft
EL,REWE Beste Wahl Orangensaft
noUnit,kleine Holzspieße
noUnit,Bananen (reif)
noUnit,grüne Chilischote
g,REWE frei von Frischkäse
g,feiner Bulgur
g,REWE Bio Polenta
EL,bunter Pfeffer
noUnit,bunter Pfeffer
noUnit,ja! Jodsalz mit Fluor
g,Gelierzucker 2:1
Packung(en),Gelierzucker 2:1
g,REWE Frei von H-Schlagsahne laktosefrei
ml,REWE Frei von H-Schlagsahne laktosefrei
g,Gnocchi
Bund,krause Petersilie
Zweig(e),krause Petersilie
g,Sojasprossen
große,Honigmelone
noUnit,Honigmelone
g,Butter (kalt)
g,REWE Bio Räucherlachs Salmo salar
g,Schokolade
Stück,Schokolade
Dose(n),ja! Gemüsemais
EL,Thymian (getrocknet)
TL,Thymian (getrocknet)
g,Lemon Curd
EL,Lemon Curd
ml,Cola
l,Cola
g,REWE Bio Cherry Romatomaten
g,fester Tofu
g,REWE Beste Wahl Marzipan-Rohmasse
ml,"Weißwein, trocken"
g,blaue und grüne kernlose Weintrauben
kg,tiefgefrorener Blattspinat
Packung(en),tiefgefrorener Blattspinat
noUnit,REWE Bio Ei (Größe M)
EL,Haselnusskrokant
g,Haselnusskrokant
Packung(en),Puddingpulver Vanille (zum Kochen)
Scheibe(n),Goudakäse
g,Goudakäse
Flasche(n),Dunkelbier
ml,Dunkelbier
g,Dulcita Tomaten
g,frischer Blätterteig
Packung(en),frischer Blätterteig
g,REWE Bio Dinkel-Butterkekse
EL,Tahin (Sesammus)
Dose(n),Adzukibohnen
g,Adzukibohnen
g,Radieschensprossen
noUnit,rosa Zucker
kleine,Fleischtomate
noUnit,Fleischtomate
EL,REWE Feine Welt Helles Italien Essig
g,"schwarze Oliven, entsteint"
Handvoll,"schwarze Oliven, entsteint"
g,weißes Mandelmus
EL,weißes Mandelmus
EL,veganer Balsamico-Essig
g,kleine Rispentomaten
g,"Rote Bete, gekocht"
Packung(en),"Rote Bete, gekocht"
g,REWE Bio Rucola
ml,Lime Juice
Glas,REWE Feine Welt Fischfond
ml,REWE Feine Welt Fischfond
Blätter,Salat
Handvoll,Salat
noUnit,Chilliflocken
ml,REWE Beste Wahl Traubensaft
g,REWE Bio Champignons
Packung(en),REWE Bio Champignons
g,Salatmischung
Blätter,Salatmischung
g,Creme Fraiche
EL,Vielblütenhonig (z. B. von REWE Bio)
noUnit,REWE Feine Welt Himalayasalz
g,REWE Bio Pizza-Tomaten
Dose(n),REWE Bio Pizza-Tomaten
kg,Lammkeule mit Knochen
noUnit,Zuckerstreusel (bunt)
EL,Zuckerstreusel (bunt)
EL,Teriyakisoße
TL,Teriyakisoße
ml,cremige Kokosmilch
Dose(n),cremige Kokosmilch
g,Kichererbsen (Dose)
g,ja! Wiener Würstchen
noUnit,ja! Wiener Würstchen
noUnit,REWE Bio Knoblauchzehen
noUnit,Fett für das Backblech
noUnit,Kardamom Kapseln
TL,Kardamom Kapseln
kg,Clementinen
ml,schwarzer Johannisbeernektar
Scheibe(n),Sandwich Toast
TL,Paprikaflocken
EL,Schnittlauchröllchen
g,REWE Frei von Mozzarella laktosefrei
noUnit,kleine rote Zwiebeln
TL,Kreuzkümmel (gemahlen)
noUnit,Kreuzkümmel (gemahlen)
Dose(n),ja! Weinsauerkraut
g,ja! Weinsauerkraut
noUnit,"Zuckerschrift 4 Farben (grün, gelb, rot, blau)"
g,ja! Frischkäse Natur Doppelrahmstufe
g,Ingwerknolle
g,Blauschimmelkäse
Packung(en),REWE Feine Welt Feigen im Speckmantel
kg,Schweinebraten
Scheibe(n),Schweinebraten
Packung(en),REWE Bio Bourbon-Vanillezucker
g,REWE Beste Wahl Silberzwiebeln
EL,REWE Beste Wahl Silberzwiebeln
g,kleine Champignons
noUnit,rote Kartoffeln
EL,Trüffelöl
g,Bergkäse (am Stück)
noUnit,Salzstangen
g,REWE Beste Wahl Mandelstifte
noUnit,Fett und Mehl für die Form
noUnit,REWE Feine Welt Zitronenpfeffer
noUnit,frischer Oregano
etwas,frischer Oregano
g,REWE frei von Joghurt mild
EL,edelsüßes Paprikapulver
EL,Koriandergrün
Bund,Koriandergrün
noUnit,orange Paprika
g,Reisbandnudeln
TL,geriebener Meerrettich
noUnit,kleine Äpfel
g,geriebener Goudakäse
noUnit,Mettenden
noUnit,Wasabipaste
EL,Wasabipaste
g,REWE Beste Wahl Weiße-Schokoladen-Kuvertüre
g,Chinakohl
noUnit,Chinakohl
Päckchen,Bourbonvanillezucker
Packung(en),Bourbonvanillezucker
Kopf,Radicchiosalat
TL,Kardamompulver
noUnit,Stiele Petersilie
g,"Oliven, entsteint"
g,REWE Bio saure Sahne
g,gestückelte Tomaten
noUnit,Rote Bete (vorgegart)
noUnit,Vollkorn-Toast
Scheibe(n),Vollkorn-Toast
g,gepuffter Amaranth
etwas,Saft einer Zitrone
noUnit,Saft einer Zitrone
noUnit,Pflanzenöl zum Ausbacken
Glas,Bambussprossen
g,Bambussprossen
g,TK Heidelbeeren
noUnit,Jalapenos
Scheibe(n),Toast
Packung(en),Strudelteig
noUnit,Kräuter nach Wahl
Handvoll,Kräuter nach Wahl
g,"REWE Bio Weizenmehl, Type 550"
g,grüne Weintrauben
noUnit,grüne Weintrauben
g,getrocknete Tomaten ohne Öl
g,REWE Bio Black Tiger Garnelen
Packung(en),REWE Bio Black Tiger Garnelen
g,Blattspinat (TK)
noUnit,(milde) Chilischote
g,Mandeln mit Haut
noUnit,REWE Bio Möhre(n)
g,REWE Bio Möhre(n)
noUnit,Schwarzer Pfeffer
Kopf,Endiviensalat
g,Xylit
noUnit,Mandarinen
g,Karotten mit Grün
noUnit,Karotten mit Grün
g,frisches Lachsfilet
EL,Wildpreiselbeeren
g,Wildpreiselbeeren
ml,heller Balsamicoessig
EL,heller Balsamicoessig
noUnit,Eigelb (sehr frisch)
noUnit,Schokoladenstreusel
g,Schokoladenstreusel
EL,Pesto Verde
Glas,Pesto Verde
g,vorgegarte Maronen
g,griechischer Joghurt (10 %)
g,Topinambur
g,REWE Bio Frischkäse Doppelrahmstufe
EL,TK-Petersilie
g,Shiitake
ml,roter Portwein
Packung(en),Tortilla-Chips
g,Tortilla-Chips
g,"Haferflocken, kernig"
g,REWE Frei von Fusilli glutenfrei
Scheibe(n),Schwarzwälder Schinken
g,kalte REWE Bio Süßrahmbutter
g,Tortellini (aus dem Kühlregal)
TL,"Majoran, getrocknet"
noUnit,Schokotröpfchen
g,Schokotröpfchen
TL,grüner Tee
ml,grüner Tee
g,Ube-Wurzel
TL,Anissamen
EL,REWE Feine Welt Birne Essigzubereitung
noUnit,Fett für die Förmchen
g,REWE Bio Goldhirse
g,REWE frei von Mehlmischung
EL,REWE Bio Sultaninen
ml,Whisky
EL,Whisky
noUnit,Öl für das Blech
EL,Worcestersoße
ml,Worcestersoße
ml,Vanillesoße
noUnit,große Süßkartoffeln
noUnit,Graubrot
Scheibe(n),Graubrot
noUnit,REWE Bio Hähnchenbrustfilets
g,Kaiserschoten
ml,Rote Bete Saft
EL,Tahin (Sesampaste)
noUnit,ja! Magerquark
g,ja! Magerquark
große,REWE Bio Süßkartoffeln
g,REWE Bio Süßkartoffeln
g,Radicchio Salat
Kopf,Radicchio Salat
EL,REWE Bio Vegane Mayonnaise
Stück,Mango (reif)
große,Mango (reif)
g,REWE Beste Wahl Frischkäse Frischella mit Joghurt
TL,Kaffeebohnen
noUnit,Kaffeebohnen
Stück,REWE Frei von Mini-Brownies
Packung(en),REWE Frei von Mini-Brownies
ml,Bier (hell)
TL,REWE Feine Welt Feigen-Senfsauce
Glas,REWE Feine Welt Feigen-Senfsauce
g,TK-Beeren
g,Meeresfrüchte
noUnit,Basilikum zum Garnieren
große,Minzblätter
noUnit,Minzblätter
g,Räucherforelle
TL,geräucherte Paprika
EL,Soja-Drink
ml,Soja-Drink
EL,Senf mittelscharf
TL,Senf mittelscharf
noUnit,"schwarzer Pfeffer, frisch gemahlen"
EL,REWE Bio Mandelmus
g,REWE Bio Mandelmus
noUnit,ja! Aceto Balsamico Essig
EL,ja! Aceto Balsamico Essig
g,Feta (Kuhmilch)
EL,mildes Olivenöl
noUnit,Pitahaya
halbe,Pitahaya
g,REWE Bio Sonnenmais
EL,REWE Bio Sonnenmais
g,REWE Bio Tofu Natur
g,Rinderhüftsteak
noUnit,Edelsüß-Paprikapulver
noUnit,Romana Salatherz
noUnit,REWE Feine Welt Rosa Salzkristalle
g,Berglinsen
Bund,kleine Karotten
noUnit,kleine Karotten
Päckchen,REWE Feine Welt Kodiak Wildlachs
g,REWE Feine Welt Kodiak Wildlachs
Prise(n),Paprikagewürz
noUnit,Paprikagewürz
ml,Apfelsaft naturtrüb
noUnit,kleine rote Paprikaschote
cl,Hennessy VS
ml,Hennessy VS
g,Mehl Typ 550
kg,Mehl Typ 550
Packung(en),REWE Bio Bourbon Vanillezucker
noUnit,Zitronenschale
TL,Zitronenschale
ml,Bier (helles)
noUnit,getr. Chilischote
EL,geschälte Mandeln
g,geschälte Mandeln
Blätter,Yufkateig
Packung(en),Yufkateig
ml,Wermut
EL,Wermut
noUnit,"REWE Feine Welt Königliche Olive, Brot"
noUnit,Bunter Pfeffer aus der Mühle
noUnit,REWE Feine Welt Macarons
ml,Kaffee
EL,Erdbeerkonfitüre
g,Erdbeerkonfitüre
g,Nutella
g,"REWE Bio Joghurt mild 3,8 %"
noUnit,Pfirsich
g,Spaghettini
g,cremige Erdnussbutter
EL,cremige Erdnussbutter
EL,Rote-Bete-Saft
ml,Rote-Bete-Saft
EL,REWE Bio Kokosöl
g,REWE Bio Kokosöl
Bund,Thai Basilikum
Stiel(e),Thai Basilikum
noUnit,evtl. Zucker
ml,Barbecue-Sauce
noUnit,Barbecue-Sauce
Tasse(n),heißer Espresso
ml,heißer Espresso
g,stückige Tomaten (Dose)
ml,REWE Feine Welt Geflügelfond
noUnit,REWE Feine Welt Geflügelfond
TL,Senfsaat
TL,REWE Beste Wahl Delikatess-Senf mittelscharf
g,Popcornmais
noUnit,Nelke
noUnit,Aufback-Baguette (300 g)
g,REWE Bio Bacon
Scheibe(n),REWE Bio Bacon
g,Frischer Blätterteig (z. B. von REWE Beste Wahl)
ml,ungesüßter Sojadrink
noUnit,etwas Zucker
g,vegane Zartbitterschokolade
g,Garnelen (küchenfertig)
noUnit,Garnelen (küchenfertig)
g,Melone
EL,laktosefreie Butter
g,laktosefreie Butter
g,Hanfmehl
EL,Hanfmehl
g,REWE Beste Wahl Zwiebeln
EL,REWE Beste Wahl brauner Rohrzucker
g,REWE Beste Wahl brauner Rohrzucker
g,veganer Quark
g,REWE Beste Wahl Speisequark mager
g,Reibekäse
EL,Reibekäse
noUnit,etwas Speisestärke
Packung(en),dunkle Kuchenglasur
g,dunkle Kuchenglasur
g,Ziegenweichkäse
EL,Granatapfelsirup
TL,Granatapfelsirup
g,ja! Rohschinkenwürfel
EL,kohlensäurehaltiges Mineralwasser
ml,kohlensäurehaltiges Mineralwasser
g,REWE Feine Welt Lachsrückenfilet
EL,REWE Bio zarte Haferflocken
g,REWE Bio zarte Haferflocken
Scheibe(n),Krustenbrot
g,Stangensellerie
g,geröstete Paprika (aus dem Glas)
g,Vollkornreis
g,Baby-Spinat
EL,Cognac
ml,Cognac
EL,ja! Tomatenmark 3-fach konzentriert
g,Macadamia
EL,weißer Balsamico Essig
TL,weißer Balsamico Essig
EL,vegane Mayonnaise
g,vegane Mayonnaise
g,Sojamehl
TL,Sojamehl
g,Hackfleisch gemischt
kg,Hackfleisch gemischt
noUnit,kleiner Kopfsalat
EL,REWE Feine Welt Aceto Balsamico di Modena
EL,REWE Feine Welt Fruchtessig Birne
noUnit,hartgekochte Eier
noUnit,dicke Scheiben Bauernbrot
g,REWE Beste Wahl Mangostreifen
ml,Sojamilch Vanille
EL,Kokos-Chips
g,Kokos-Chips
g,Salami-Sticks
g,REWE Bio Quinoa Tricolore
TL,Tahini Paste
noUnit,Saft von 1 Zitrone
noUnit,Thymianzweige
TL,geröstetes Sesamöl
EL,geröstetes Sesamöl
g,ja! Hackfleisch gemischt
g,fein geriebener Parmesan
g,ja! passierte Tomaten
ml,ja! passierte Tomaten
g,REWE Beste Wahl Schinkenspeck
g,Zartbitter Kuvertüre
Packung(en),REWE Frei von Mini Brownies
g,"Aprikosen, getrocknet"
noUnit,"Aprikosen, getrocknet"
ml,REWE Bio Gemüsebrühe (glutenfrei)
g,REWE Beste Wahl Kalifornische Mandeln gehobelt
Handvoll,REWE Beste Wahl Kalifornische Mandeln gehobelt
g,bunte Paprika
Scheibe(n),REWE Feine Welt Walnuss-Ringbrot
halbes,REWE Feine Welt Walnuss-Ringbrot
g,Entenbrüste
noUnit,Entenbrüste
noUnit,frischer Basilikum
g,ja! Cashewkerne naturell
noUnit,Eiweiß (Größe M)
noUnit,Schoko-Cookies
EL,REWE Bio Süssrahm-Butter
noUnit,"Pfeffer, gemahlen"
Päckchen,REWE Feine Welt Tête de Moine AOP
g,REWE Feine Welt Tête de Moine AOP
ml,REWE Frei von Vollmilch
noUnit,REWE Bio Limette
EL,Rosenwasser
TL,Rosenwasser
TL,körniger Senf
EL,körniger Senf
noUnit,"Limetten, unbehandelt"
noUnit,ja! Pfeffer schwarz gemahlen
noUnit,Ei (L)
g,gleichgroße Kartoffeln (mehligkochend)
noUnit,gleichgroße Kartoffeln (mehligkochend)
Packung(en),REWE Feine Welt Geräucherter Thunfisch mit Sahne-Meerrettich
TL,Kala Namak
noUnit,Kala Namak
g,gemahlene Leinsamen
EL,gemahlene Leinsamen
g,ja! Sultaninen
EL,ja! Sultaninen
noUnit,Kaffir-Limettenblätter
EL,Soja-Kochcreme
ml,Soja-Kochcreme
l,Ginger Ale
ml,Ginger Ale
g,geraspelter Parmesan
EL,"REWE Beste Wahl länger Frischmilch (1,8 % Fett)"
ml,"REWE Beste Wahl länger Frischmilch (1,8 % Fett)"
g,Seitan
noUnit,Beet Kresse
TL,Palmzucker
EL,Palmzucker
g,Sushi-Reis
g,Putenfleisch
EL,Rotwein-Essig
Rolle(n),REWE Beste Wahl Blätterteig
Packung(en),REWE Beste Wahl Blätterteig
g,Erdnusskerne
EL,REWE Beste Wahl Rapsöl
g,REWE Bio Schweizer Edelbitter-Schokolade
Packung(en),frischer Blätterteig (275 g)
g,Hüttenkäse
noUnit,"Paprika, rot"
g,zerlassene Butter
EL,zerlassene Butter
noUnit,Baguette-Brötchen
noUnit,kleine Birne
TL,brauner Rohrzucker
EL,REWE Bio Frische Vollmilch
ml,REWE Bio Frische Vollmilch
große,REWE Bio Roma-Tomaten
g,REWE Bio Roma-Tomaten
noUnit,grob gemahlener Pfeffer
EL,grob gemahlener Pfeffer
g,Zwiebel (TK)
TL,rosa Pfeffer
noUnit,rosa Pfeffer
TL,scharfer Senf
EL,scharfer Senf
Packung(en),Sahnefestiger
noUnit,Gurken
noUnit,frische Mango
g,Vollkorn-Basmatireis
g,"Senf, mittelscharf"
EL,"Senf, mittelscharf"
noUnit,kleine Karotte
EL,rote Pfefferbeeren
TL,rote Pfefferbeeren
noUnit,REWE Bio Griechenland Gewürz
EL,REWE Bio Griechenland Gewürz
g,Rote Bete Sprossen
noUnit,Rote Bete Sprossen
noUnit,Rote Zwiebel (klein)
g,gemahlene Walnüsse
Scheibe(n),REWE Bio Pumpernickel
etwas,Pfeffer (frisch gemahlen)
noUnit,Pfeffer (frisch gemahlen)
noUnit,reife Avocado
noUnit,Pfeffer (aus der Mühle)
ml,Weinessig
g,weißer Sesam
TL,weißer Sesam
EL,gemahlene Mandeln ohne Haut
g,gemahlene Mandeln ohne Haut
TL,Koriander gemahlen
TL,Rosenpaprika scharf
noUnit,REWE Bio Knoblauchzehe
noUnit,Chilischote (rot)
g,geräucherter Bauchspeck
Scheibe(n),geräucherter Bauchspeck
g,REWE Bio Vollkorn-Spaghetti
g,Seidentofu
g,REWE Bio Maronen
g,REWE Feine Welt Gorgonzola
ml,Soja Kochcreme
g,Haferflocken (zart)
EL,Haferflocken (zart)
TL,Erdbeermarmelade
g,Erdbeermarmelade
EL,REWE Feine Welt Trüffelöl
ml,Vollmilch Joghurt
g,Vollmilch Joghurt
g,Milram Sylter Scheiben
Scheibe(n),Milram Sylter Scheiben
g,REWE Beste Wahl Pesto rosso
EL,REWE Beste Wahl Pesto rosso
noUnit,Ei (Gr. L)
ml,Knoblauchsoße
noUnit,Knoblauchsoße
g,Kartoffelchips
noUnit,frischer Meerrettich
g,frischer Meerrettich
ml,Gemüsebrühe (Instant)
l,Gemüsebrühe (Instant)
g,Mett
g,Aprikosen
g,Kräuter-Frischkäse
noUnit,Tomatensoße
EL,Tomatensoße
EL,REWE Bio Apfel-Bananenmark
g,REWE Bio Apfel-Bananenmark
noUnit,Matjesfilets
g,Skyr
noUnit,Mehlmischung für die Arbeitsfläche
g,REWE Bio Dinkelmehl
g,REWE Feine Welt Elsässer Sonntag (extrabreite Bandnudeln)
Scheibe(n),Sandwichtoast
Päckchen,REWE Feine Welt Essbare Blütenpracht
noUnit,REWE Feine Welt Essbare Blütenpracht
noUnit,"Eier, Größe M"
g,REWE Beste Wahl Weinsauerkraut
noUnit,Cocktailkirschen
g,Beeren
noUnit,Beeren
g,weißer Balsamico-Essig
EL,weißer Balsamico-Essig
g,Hartweizen-Grieß
noUnit,Weizentortillas
EL,Ajvar
noUnit,Mangos
g,REWE Bio Blattspinat tiefgefroren
noUnit,gehackte Pistazien zum Verzieren
g,Tzatziki
ml,Haferdrink
noUnit,Safran
Päckchen,Safran
g,ja! Pinienkerne
EL,ja! Pinienkerne
noUnit,Laugenbrötchen
g,Kaffeepulver
ml,Maracujasaft
cl,Maracujasaft
g,blaue Kartoffeln
noUnit,blaue Kartoffeln
noUnit,ja! Cornichons
Glas,ja! Cornichons
Scheibe(n),Körnerbrot
noUnit,Brunnenkresse
Beet(e),Brunnenkresse
g,Burrata
g,Créme fraîche
g,Risotto Reis
g,Datteln (entsteint)
noUnit,Datteln (entsteint)
noUnit,Zitronenscheiben zum Garnieren
EL,trockenen Weißwein
ml,trockenen Weißwein
Scheibe(n),altbackenes Brot
g,Sahnequark
EL,REWE Beste Wahl natives Olivenöl
g,REWE Regional Kartoffeln
Stiel(e),"Petersilie, abgezupft"
Stange(n),"Petersilie, abgezupft"
g,Raspelschokolade
EL,Akazien-Honig
TL,Akazien-Honig
g,"Gouda, gerieben"
cl,Triple Sec
Spritzer,Triple Sec
g,REWE Bio Bergkäse
EL,helle Sojasoße
noUnit,kleine Möhre
g,REWE Frei von Speisequarkzubereitung Magerstufe
g,REWE Bio Frischkäse Natur
Dose(n),ja! Kidneybohnen
noUnit,Zitrone (unbehandelt)
Beutel,REWE Bio Milder Früchtetee
EL,REWE Bio Süßrahm-Butter
g,Muschelnudeln
noUnit,Drillinge
kg,Drillinge
g,REWE Bio Frischkäse
g,Kidney Bohnen
Dose(n),Kidney Bohnen
cl,Himbeersirup
EL,Himbeersirup
TL,geriebener Ingwer
noUnit,Ente
kg,Ente
g,Gorgonzola-Käse
g,Appenzeller
noUnit,Dominosteine
g,Kuchenglasur
Becher,Kuchenglasur
Scheibe(n),REWE Frei von Sandwich
ml,Rewe Bio Gemüsebrühe
TL,Palmin
kg,Palmin
noUnit,Bio Eier Größe M
g,REWE Beste Wahl Delikatess-Gewürzgurken
noUnit,REWE Beste Wahl Delikatess-Gewürzgurken
noUnit,Rote Bete Knollen
g,Rote Bete Knollen
noUnit,REWE Regional Zucchini
g,ja! Saure Sahne
EL,REWE Frei von Joghurt mild
g,REWE Frei von Joghurt mild
Stück,REWE Feine Welt Goldbrustfilets Maishähnchen
Packung(en),REWE Feine Welt Goldbrustfilets Maishähnchen
ml,Tomatenketchup
EL,Tomatenketchup
EL,Grieß
g,Grieß
g,"Cranberrys, getrocknet"
noUnit,REWE Bio Zitronen
Packung(en),Räucher-Lachs
Scheibe(n),Räucher-Lachs
g,Doppelrahmfrischkäse
g,geschälte Hanfsamen
noUnit,Ingwer (5 cm)
g,Mais (Dose)
noUnit,REWE Bio Rispentomaten
Handvoll,frische Basilikumblätter
cl,Calvados
EL,Calvados
noUnit,Butterschmalz zum Braten
Knolle(n),gekochte Rote Bete
noUnit,gekochte Rote Bete
noUnit,frischer schwarzer Pfeffer
EL,"Mandeln, gehobelt"
g,"Mandeln, gehobelt"
g,Kokos-Joghurt
g,Schälerbsen
noUnit,Schälerbsen
Packung(en),REWE Feine Welt Krosse Peperoni Ciabatta
Tropfen,Bittermandelaroma
Messerspitze,Bittermandelaroma
g,junger Blattspinat
kg,junger Blattspinat
noUnit,REWE Bio-Orangen
g,REWE Bio Kürbiskerne
EL,REWE Bio Kürbiskerne
g,Edamame
noUnit,kleine Ananas
g,REWE Bio Dinkelmehl Type 630
TL,getrocknete Chiliflocken
g,REWE Bio Brokkoli
noUnit,Schwarzer Pfeffer aus der Mühle
noUnit,Pfeffer schwarz
noUnit,bunte Möhren
Bund,bunte Möhren
noUnit,Esspapier
Packung(en),REWE Feine Welt Hirschmedaillons
noUnit,REWE Feine Welt Hirschmedaillons
kg,Lammkeule
noUnit,Kohlrabi mit Grün
g,"Haselnüsse, gehackt"
Packung(en),große Marshmallows
noUnit,große Marshmallows
Stück,Lachsfilets
noUnit,Lachsfilets
TL,Basilikum (getrocknet)
g,REWE Bio Fusilli Grüne Erbsen
g,Erbsen
noUnit,REWE Feine Welt Tellicherry-Pfeffer
TL,REWE Feine Welt Tellicherry-Pfeffer
g,Mungobohnensprossen
noUnit,frisch gemahlener weißer Pfeffer
noUnit,Soda Wasser
EL,Barilla “Pesto alla Genovese”
g,Barilla “Pesto alla Genovese”
g,REWE frei von Weiße Schokolade mit Crispies
TL,Pesto genovese
g,Pesto genovese
Glas,(720 ml) Sauerkirschen
g,Tofu Natur
noUnit,Entenbrustfilets (à 300–400 g)
g,Putenbrustfilet
g,Reisnudeln
g,Lollo Rosso
noUnit,Lollo Rosso
noUnit,gelbe Lebensmittelfarbe
noUnit,Orangen (unbehandelt)
noUnit,Ei (Größe L)
g,frische Spätzle
Packung(en),frische Spätzle
g,Hackfleisch vom Rind
TL,Pottasche
EL,weiche Kräuterbutter
g,weiche Kräuterbutter
g,REWE frei von Früchte-Müsli
kg,Stachelbeeren
g,Stachelbeeren
ml,Teriyaki-Sauce
Beutel,schwarzer Tee
ml,schwarzer Tee
Scheibe(n),Sandwich Toastbrot
Messerspitze,blaue Lebensmittelfarbe
noUnit,blaue Lebensmittelfarbe
große,Garnelen (frisch oder TK)
noUnit,Garnelen (frisch oder TK)
g,Baby-Blattspinat
g,ja! Kernige Haferflocken
ml,Johannisbeersaft
noUnit,Möhren mit Grün
g,Körniger Frischkäse
Zweig(e),Liebstöckel
g,REWE Frei von Speisequarkzubereitung
noUnit,kleines Stück Ingwer
ml,Lammfond
noUnit,Limette (unbehandelt)
ml,"Rotwein, trocken"
noUnit,"Rotwein, trocken"
noUnit,Paprikaschote (rot)
noUnit,Schnittlauchhalme
g,REWE Feine Welt Nocellara Oliven
Glas,REWE Feine Welt Nocellara Oliven
Blätter,Pasta Lasagne
g,REWE Bio Junge Erbsen tiefgefroren
g,Zartbitterschokolade (vegan)
Stiel(e),gemischte Kräuter
Bund,gemischte Kräuter
EL,Tamarindenpaste
EL,Curry Gewürzmischung
TL,Curry Gewürzmischung
g,Gelierzucker 1:1
kg,Gelierzucker 1:1
Stück,REWE Feine Welt Pepperballs Feige
g,Johannisbeer-Gelee
g,Baguettebrot
noUnit,Baguettebrot
g,"REWE Bio Joghurt mild 3,8%"
noUnit,"REWE Bio Forellenfilets, geräuchert (2 Pakete à  100 g)"
EL,REWE Feine Welt Lesvos g.g.A: Olivenöl
noUnit,Ciabattabrot
noUnit,Fett für das Waffeleisen
g,"Maronen, vorgekocht"
g,REWE Bio Salami
ml,weißer Rum
cl,weißer Rum
noUnit,bunte Zuckerschrift
kg,Rinderbraten
g,Rinderbraten
g,gelbe Sultaninen
TL,Szechuan-Pfeffer
EL,Szechuan-Pfeffer
noUnit,Papaya
Glas,Papaya
EL,Worcester Sauce
noUnit,Entenbrustfilets mit Haut (à ca. 400 g)
g,REWE Bio Berglinsen
g,Cantuccini
noUnit,Cantuccini
g,Parmesanspäne
g,ja! Schlagsahne (30 % Fett)
EL,natives Olivenöl extra (z. B. von REWE Bio)
ml,natives Olivenöl extra (z. B. von REWE Bio)
g,ausgelöstes Kasselerkotelett
Würfel,REWE Bio Frische Backhefe
g,REWE Bio Frische Backhefe
TL,Himbeermarmelade
Glas,Himbeermarmelade
g,Filo- oder Yufkateig
Packung(en),Filo- oder Yufkateig
Packung(en),Spätzle (Kühlregal)
g,Spätzle (Kühlregal)
kg,Gänsebrust mit Knochen (TK)
g,REWE Bio Müsli Hafer Crunchy
noUnit,kleiner roter Apfel
Päckchen,REWE Feine Welt Rotes Gold Safran
Glas,REWE Feine Welt Rotes Gold Safran
g,Nüsse
Handvoll,Nüsse
noUnit,(Fladenbrot)
g,REWE Bio Gold-Hirse
noUnit,Entenbrust (ca. 400 g)
g,Krautsalat
g,gemischtes Bio-Hackfleisch
ml,"Milch (3,5 %)"
EL,"Milch (3,5 %)"
g,REWE Beste Wahl Sonnenmais
Dose(n),REWE Beste Wahl Sonnenmais
g,REWE ja! Schmand
EL,REWE ja! Schmand
g,geräucherte Forellenfilets
g,REWE Bio Rinderhackfleisch
noUnit,REWE Frei von Brownie Backmischung
noUnit,Peffer
Scheibe(n),REWE Beste Wahl Gouda
g,REWE Beste Wahl Gouda
g,geriebener Pizzakäse
g,TK-Beerenmischung
noUnit,Petersilie zum Garnieren
ml,fettarme Milch
g,"Haselnüsse, geschält"
g,Kartoffelstärke
EL,Kartoffelstärke
noUnit,Butternut Kürbis
noUnit,Sonnenblumenöl zum Braten
EL,Sonnenblumenöl zum Braten
noUnit,Lasagneplatten
g,Oliven ohne Stein
noUnit,Oliven ohne Stein
g,ja! Mandelkerne
EL,ja! Mandelkerne
g,"geräucherter, durchwachsener Speck"
ml,Weißwein (trocken)
g,Pizzakäse
g,Lollo Bionda
noUnit,Lollo Bionda
noUnit,Vanillepulver
g,Bergkäse (gerieben)
g,Griechischer Joghurt
EL,Gartenkresse
Beet(e),Gartenkresse
noUnit,Romatomaten
kg,Romatomaten
noUnit,Fladenbrot zum Aufbacken
noUnit,Zucchini (ca. 200 g)
EL,Paprikamark
TL,Chili Flocken
ml,REWE Feine Welt Südtiroler Weißburgunder
Flasche(n),REWE Feine Welt Südtiroler Weißburgunder
g,TK-Heidelbeeren
g,Salzgurken
noUnit,Salzgurken
EL,Rewe Feine Welt Lesvos g.g.A. mildes Olivenöl
EL,Cornflakes
g,Cornflakes
ml,Grauburgunder
cl,Grenadine
ml,Grenadine
g,"REWE Beste Wahl Gouda, gerieben"
g,TK Himbeeren
noUnit,Zitronenmelisse zum Verzieren
ml,REWE Bio Fettarme H-Milch
g,REWE Beste Wahl Mandeln gestiftet
EL,REWE Beste Wahl Mandeln gestiftet
EL,Salatkerne-Mix
g,REWE Bio Putenschnitzel
noUnit,REWE Bio Putenschnitzel
Bund,Lauchzwiebeln von REWE Regional
g,REWE Beste Wahl Walnüsse
g,Crème double
EL,Crème double
noUnit,Schale Kresse
TL,ja! Backpulver
noUnit,Hot Dog Brötchen
g,Himbeer-Konfitüre
EL,Himbeer-Konfitüre
ml,Kokosnussmilch
ml,REWE Beste Wahl Milch
EL,REWE Beste Wahl Milch
EL,Balsamico Essig
TL,Balsamico Essig
g,Creme fraîche
noUnit,Hähnchenkeulen
g,Zuckerstange
noUnit,Zuckerstange
noUnit,Gänsekeulen (TK)
g,REWE Feine Welt Heidelbeer Fruchtaufstrich
EL,REWE Feine Welt Heidelbeer Fruchtaufstrich
g,REWE Feine Welt Kalamata Oliven
noUnit,REWE Feine Welt Kalamata Oliven
noUnit,Aufbackbrötchen
ml,brauner Rum
EL,brauner Rum
g,Physalis
noUnit,Physalis
noUnit,"Avocado, reif"
Glas,REWE Beste Wahl getrocknete Tomaten
g,REWE Beste Wahl getrocknete Tomaten
noUnit,Zahnstocher
noUnit,Eier (M)
g,Orangeat
Packung(en),REWE Bio Ziegenfrischkäse
g,REWE Bio Ziegenfrischkäse
EL,REWE Feine Welt Andalusien Baena DOP Olivenöl
Stück,Muskatblüte
noUnit,Muskatblüte
EL,Oliven
noUnit,Oliven
g,REWE Beste Wahl Marshmallows
Stück,REWE Beste Wahl Marshmallows
EL,ja! Cranberries
g,ja! Cranberries
TL,Kräuteressig
EL,Kräuteressig
noUnit,Wachholderbeeren
g,Milram Paprika-Quark
g,REWE Bio Joghurt
g,Kürbiskerne ohne Schale
g,Tellerlinsen
noUnit,mittelgroße Kartoffeln
kg,mittelgroße Kartoffeln
Messerspitze,gemahlener Kardamom
Prise(n),gemahlener Kardamom
g,bunte Kirschtomaten
noUnit,bunte Kirschtomaten
ml,dunkles Bier
g,gelbe Kirschtomaten
noUnit,gelbe Kirschtomaten
noUnit,"Bananen, reif"
g,Basmati-Reis
noUnit,Wasabi-Paste
TL,Wasabi-Paste
Dose(n),Artischockenherzen
g,Artischockenherzen
TL,REWE Bio Curry Indische Art
große,"Kartoffeln, mehligkochend (ca. 400 g pro Stück)"
g,Salatcreme
g,Senf (mittelscharf)
TL,Senf (mittelscharf)
EL,Kokosjoghurt
g,Kokosjoghurt
g,Wildkräutersalat
Handvoll,Wildkräutersalat
ml,Champagner
noUnit,Schokosoße
ml,Schokosoße
g,REWE Beste Wahl Risotto Reis
